Date,ZMK,ZAR,GBP,ZWL
2025-05-12,26.3,18.2305,1.32795,67089.74528032
2025-05-09,26.525,18.2544,1.3224,67066.00740042
2025-05-08,26.725,18.24935,1.3314,67050.01556554
2025-05-07,27.0,18.23025,1.33535,67042.51939294
2025-05-06,27.675,18.2603,1.32965,67033.77385824
2025-05-05,27.755,18.386,1.32955,67017.78202335999
2025-05-02,28.1575,18.45685,1.3316,67014.03393706
2025-04-30,27.975,18.53415,1.33925,67005.28840236
2025-04-29,27.925,18.5521,1.34,66994.5438883
2025-04-28,27.925,18.6765,1.3326,66989.5464399
2025-04-25,28.025,18.8485,1.32895,66975.30371196
2025-04-24,28.225,18.63855,1.3274,67038.02168938001
2025-04-23,28.525,18.56755,1.33115,67016.78253368
2025-04-22,28.475,18.6559,1.34135,66988.04720538
2025-04-17,28.535,18.86775,1.3216,66964.30932548
2025-04-16,28.36,19.0149,1.32625,66951.06608722001
2025-04-15,28.3102,18.8284,1.3219,67014.78355432
2025-04-14,28.235,19.0414,1.31075,67010.53572318
2025-04-11,28.195,19.37255,1.3013,66991.54541926
2025-04-10,28.075,19.30345,1.28665,66978.55205342
2025-04-09,28.075,19.77865,1.28345,66969.5566463
2025-04-08,27.9354,19.50465,1.2772,66962.06047370001
2025-04-07,27.825,19.1931,1.2913,66941.32106284
2025-04-04,27.775,18.83045,1.30915,66931.82591088
2025-04-03,28.067,18.91155,1.30875,66912.0859897
2025-04-02,28.251,18.53215,1.29155,66900.34198596001
2025-04-01,28.125,18.33245,1.29245,66895.8442824
2025-03-31,28.4,18.2834,1.29605,66879.35270268
2025-03-28,28.725,18.2832,1.2939,66830.62758078
2025-03-27,29.0965,18.2085,1.2922,66818.88357704
2025-03-26,29.0725,18.2898,1.2932,66792.64697294
2025-03-25,29.047,18.22945,1.29275,66785.65054518
2025-03-24,28.85255,18.22065,1.2918,66765.910624
2025-03-21,28.9545,18.2018,1.29275,66733.17733698
2025-03-20,28.9075,18.1199,1.29945,66714.18703306
2025-03-19,28.74,18.13795,1.2986,66703.69239142
2025-03-18,28.7955,18.0989,1.29775,66669.20999746
2025-03-17,28.625,18.21235,1.29315,66653.21816258
2025-03-14,28.61,18.3135,1.2942,66639.72505190001
2025-03-13,28.5425,18.3594,1.29545,66624.48283428
2025-03-12,28.5425,18.27565,1.2924,66641.97390368
2025-03-11,28.55,18.3081,1.28845,66596.24725082
2025-03-10,28.525,18.34355,1.29085,66587.50171612
2025-03-07,28.81195,18.13445,1.28845,66569.01115704
2025-03-06,28.675,18.29185,1.28995,66555.51804636
2025-03-05,28.6674,18.47755,1.27925,66474.05963744
2025-03-04,28.625,18.62955,1.26925,66456.81844046
2025-03-03,28.5398,18.63405,1.2605,66423.5854086
2025-02-28,28.475,18.49085,1.25855,66369.8628383
2025-02-27,28.38175,18.4664,1.26535,66346.87457566
2025-02-26,28.3406,18.4238,1.26385,66219.18976904001
2025-02-25,28.29725,18.36075,1.2636,66177.21120248
2025-02-24,28.175,18.326,1.26755,66185.95673718001
2025-02-20,28.28,18.50805,1.2596,66126.73697364001
2025-02-19,28.32,18.4134,1.26155,66106.49730762
2025-02-18,28.205,18.451,1.25945,66093.25406936
2025-02-17,28.175,18.32545,1.2595,66072.76453092
2025-02-14,28.025,18.48525,1.2552,66057.5223133
2025-02-13,28.199,18.46725,1.2494,66046.02818198
2025-02-12,27.975,18.5289,1.24435,66018.7920882
2025-02-11,28.125,18.453,1.2361,66013.04502254001
2025-02-10,28.2185,18.4979,1.2408,65997.80280492001
2025-02-07,28.252,18.44705,1.2426,65984.30969424
2025-02-06,28.025,18.56525,1.2487,65970.56671114001
2025-02-05,28.025,18.6962,1.24665,65943.33061736
2025-02-04,28.0813,18.82375,1.23865,65940.0822759
2025-02-03,28.025,18.97665,1.22685,65919.59273746
2025-01-31,27.975,18.557,1.24205,65880.36276752001
2025-01-30,28.051,18.54765,1.24425,65841.88241484
2025-01-29,27.875,18.65485,1.24535,65831.63764562001
2025-01-28,27.8796,18.8434,1.24465,65812.89721412
2025-01-27,27.775,18.54765,1.24465,65769.41941304
2025-01-24,27.825,18.415,1.23885,65717.44594968
2025-01-23,27.975,18.5156,1.23145,65692.20883526
2025-01-22,28.056,18.51195,1.23345,65645.48269272
2025-01-21,27.8702,18.6044,1.2286,65711.94875644
2025-01-20,27.825,18.6988,1.22065,65674.21802102
2025-01-17,27.775,18.80215,1.22205,65619.99570587999
2025-01-16,27.9175,18.82505,1.22145,65635.2379235
2025-01-15,27.86,18.9286,1.22065,65342.38744726001
2025-01-14,27.625,18.99575,1.22005,65453.58067416
2025-01-13,27.625,19.1537,1.21395,65239.190137800004
2025-01-06,27.9581,18.76355,1.24375,64554.03996216001
2025-01-03,28.0595,18.705,1.23965,64523.555526920005
2025-01-02,28.0045,18.8227,1.25305,64533.80029614
2024-12-31,27.9765,18.80065,1.25505,64463.336273700006
2024-12-30,27.775,18.67565,1.25815,64434.351072980004
2024-12-27,27.725,18.8358,1.25255,64420.35821746001
2024-12-24,27.7381,18.56315,1.25335,64390.12365464
2024-12-20,27.7149,18.4121,1.24785,64376.88041638
2024-12-19,27.675,18.28095,1.25865,64321.15886672
2024-12-18,27.675,18.0803,1.27025,64298.17060408
2024-12-17,27.775,17.85975,1.26795,64275.68208628001
2024-12-16,27.725,17.84255,1.26365,64244.19816136
2024-12-13,27.698,17.80705,1.26595,64205.71780868
2024-12-12,27.6201,17.68405,1.27645,64162.48988002
2024-12-11,27.575,17.81595,1.27635,64122.51029282
2024-12-10,27.425,17.80665,1.27485,64116.513354740004
2024-12-09,27.2716,18.05095,1.27185,64085.529174660005
2024-12-06,27.125,18.02835,1.27445,64000.32267944
2024-12-05,27.075,18.1587,1.27115,63979.833141
2024-12-04,27.0294,18.0981,1.26945,63877.13557638
2024-12-03,26.925,18.17765,1.2645,63970.837733880006
2024-12-02,26.875,18.1755,1.26855,63885.38136624
2024-11-29,26.925,18.0523,1.27095,63595.77923146
2024-11-28,27.275,18.21405,1.2667,63302.928755220004
2024-11-27,27.56575,18.171,1.2571,63299.18066892
2024-11-26,27.6332,18.10425,1.25495,63293.68347568
2024-11-25,27.6529,18.0685,1.25925,63302.17913796
2024-11-22,27.675,18.1289,1.2571,63299.18066892
2024-11-21,27.775,18.12555,1.26515,63203.229659640005
2024-11-20,27.625,18.06995,1.26865,63194.23425252001
2024-11-19,27.675,17.96795,1.267,63179.491779740005
2024-11-18,27.6485,18.1342,1.26295,63178.24241764
2024-11-15,27.549,18.26055,1.26765,63176.74318312
2024-11-14,27.3171,18.2831,1.26835,63178.742162480004
2024-11-13,27.225,18.088,1.27415,63181.99050394
2024-11-12,27.175,17.9584,1.28425,63675.988278280005
2024-11-11,27.225,17.6039,1.29115,63705.223351420005
2024-11-08,27.175,17.3724,1.29685,63940.60317106001
2024-11-07,27.025,17.58575,1.29245,64193.973804940004
2024-11-06,26.925,17.68815,1.29005,65002.31108364
2024-11-05,26.825,17.50335,1.29625,67221.67791808001
2024-11-04,26.825,17.5392,1.29875,69960.77938612
2024-11-01,26.725,17.6274,1.28885,71670.65635618
2024-10-31,26.625,17.67375,1.29545,71663.90980084
2024-10-30,26.625,17.6917,1.29985,71611.18672022
2024-10-29,26.625,17.6984,1.29655,71446.77066786001
2024-10-28,26.575,17.71625,1.29455,70882.80861592
2024-10-25,26.475,17.67495,1.29685,69184.6756496
2024-10-24,26.6017,17.78755,1.29265,68573.98745512
2024-10-23,26.475,17.52465,1.29895,68170.44349682001
2024-10-22,26.675,17.5831,1.3002,67626.7211109
2024-10-21,26.625,17.62445,1.30415,67494.53860072
2024-10-18,26.575,17.6225,1.30205,67114.73252232
2024-10-17,26.575,17.6419,1.29855,66599.74546470001
2024-10-16,26.525,17.6213,1.30745,66645.47211756
2024-10-15,26.425,17.6329,1.30445,66191.204058
2024-10-14,26.425,17.4306,1.3061,65884.36072624
2024-10-11,26.5172,17.507,1.30475,65793.65703778001
2024-10-10,26.425,17.6296,1.30725,65139.74091464
2024-10-09,26.425,17.5459,1.30975,64892.61709126001
2024-10-08,26.425,17.4411,1.30925,64637.74722286001
2024-10-07,26.4097,17.48015,1.31125,64232.2042852
2024-10-04,26.3278,17.44155,1.3133,63362.148518760005
2024-10-03,26.3935,17.4057,1.31875,63170.99611746001
2024-10-02,26.175,17.36835,1.32695,63173.74471408
2024-10-01,26.425,17.26455,1.33835,62794.18850810001
2024-09-30,26.4,17.0777,1.33925,62176.00414102
2024-09-27,26.445,17.1775,1.33705,60944.382982840005
2024-09-26,26.325,17.18935,1.33445,34978.89045854
2024-09-25,26.475,17.30925,1.34135,34960.15002704
2024-09-24,26.4838,17.32955,1.33625,34945.65742668
2024-09-23,26.375,17.39415,1.33175,34932.664060840005
2024-09-20,26.225,17.5185,1.32905,34927.916484860005
2024-09-19,26.565,17.5182,1.3218,34909.92567062
2024-09-18,26.375,17.59605,1.31565,34884.18881136
2024-09-17,26.4188,17.6266,1.32055,34876.94251118
2024-09-16,26.3457,17.701,1.31545,34872.94455246
2024-09-13,26.3327,17.73415,1.3145,34862.44991082
2024-09-12,26.325,17.88675,1.30515,34855.20361064
2024-09-11,26.4378,17.90565,1.31095,34854.453993380004
2024-09-10,26.275,17.8575,1.30765,34851.45552434
2024-09-09,26.275,17.85085,1.31165,34791.236271120004
2024-09-06,26.275,17.7117,1.31735,34709.777862200004
2024-09-05,26.325,17.88505,1.31515,34667.799295640005
2024-09-04,26.325,17.9835,1.31135,34656.55503674
2024-09-03,26.175,17.865,1.31245,34647.05988478
2024-09-02,26.075,17.8628,1.31335,34633.067029260004
2024-08-30,25.975,17.75625,1.31665,34618.82430132
2024-08-29,25.9791,17.80195,1.32165,34579.344458960004
2024-08-28,25.825,17.7783,1.32265,34521.37405752
2024-08-27,26.3337,17.7138,1.31965,34555.10683422
2024-08-26,26.2024,17.7538,1.31995,34533.6178061
2024-08-23,26.0903,17.9818,1.31115,34515.87686428
2024-08-22,25.947,17.8914,1.30815,34501.38426392
2024-08-21,25.775,17.81225,1.3024,34493.38834648
2024-08-20,25.675,17.73815,1.29795,34485.89217388
2024-08-19,26.407,17.8281,1.29575,34461.90442156
2024-08-16,26.275,17.9791,1.28785,34457.90646284
2024-08-15,26.4875,18.056,1.28425,34448.16143846
2024-08-14,26.175,18.1153,1.28585,34432.919220840005
2024-08-09,26.192,18.3465,1.27535,34435.91768988
2024-08-08,26.132,18.3436,1.2696,34487.64128082
2024-08-07,25.9791,18.39655,1.27065,34436.66730714
2024-08-06,26.0175,18.4692,1.27735,34388.19205766
2024-08-05,25.8838,18.40275,1.27895,34395.938102680004
2024-08-02,25.825,18.25505,1.27275,34417.17725838
2024-08-01,25.975,18.2406,1.28495,34470.15021142
2024-07-31,26.175,18.3029,1.2837,34447.16194878
2024-07-30,26.2022,18.43875,1.28535,34472.89880804
2024-07-29,26.125,18.2749,1.2874,34460.40518704
2024-07-26,26.2215,18.3105,1.2864,34437.66679682
2024-07-25,26.154,18.4066,1.2889,34445.41284184
2024-07-24,26.05,18.41255,1.2891,34404.68363738
2024-07-23,25.875,18.2536,1.2927,34364.204305340005
2024-07-22,25.525,18.2699,1.29145,34238.26860566
2024-07-19,26.025,18.27595,1.29395,34273.50061688
2024-07-18,26.275,18.1876,1.30125,34292.74079322
2024-07-17,26.075,18.0598,1.29685,34317.4781628
2024-07-16,25.625,18.24235,1.2959,34372.949840040004
2024-07-15,25.575,17.9823,1.29785,34357.70762242
2024-07-12,25.606,17.99735,1.29105,34390.940654280006
2024-07-11,25.2884,18.1113,1.2858,34321.97586636
2024-07-10,25.025,18.1469,1.2791,34312.730586820006
2024-07-09,24.6239,18.1297,1.2808,34332.72038042
2024-07-08,24.48405,18.17495,1.28105,34384.19409894
2024-07-05,24.375,18.24395,1.27665,34219.02842932
2024-07-04,24.325,18.4366,1.27425,34386.94269556
2024-07-03,24.244,18.60975,1.26815,34228.52358128
2024-07-02,24.097,18.38915,1.26355,34211.78212914
2024-07-01,23.975,18.06515,1.2664,34239.01822292
2024-06-28,25.675,18.48325,1.2629,34240.26758502
2024-06-27,25.775,18.14845,1.26345,34186.04526988
2024-06-26,25.8385,18.23325,1.2684,33985.1478442
2024-06-25,25.758,18.0888,1.26985,33975.1529474
2024-06-24,25.475,18.01255,1.26465,33935.673105040005
2024-06-21,25.475,17.9557,1.26645,33958.41149526
2024-06-20,25.525,17.9693,1.27095,33937.6720844
2024-06-19,25.675,18.0398,1.2709,33713.03677882
2024-06-18,26.0045,18.26515,1.26945,33699.0439233
2024-06-17,25.925,18.3593,1.2683,33710.2881822
2024-06-14,26.7025,18.4428,1.27515,33683.551833260004
2024-06-13,26.5555,18.42235,1.2775,33692.54724038
2024-06-12,26.175,18.5636,1.27425,33729.27848612
2024-06-11,26.5925,18.75695,1.27355,33642.57275638
2024-06-10,26.375,18.87345,1.27135,33464.41372092
2024-06-07,26.31,18.932,1.279,33560.11485778
2024-06-06,26.3985,18.907,1.27935,33571.858861520006
2024-06-05,26.165,18.7049,1.27695,33304.2454997
2024-06-04,26.122,18.55475,1.281,33273.51119204
2024-06-03,25.775,18.7509,1.27405,33260.26795378
2024-05-31,26.975,18.787,1.27215,33277.25927834
2024-05-30,27.2845,18.5174,1.26895,33238.27918082
2024-05-29,26.9425,18.3262,1.27515,33242.02726712
2024-05-28,26.8041,18.3441,1.27775,33180.30877938
2024-05-27,26.725,18.4068,1.27415,33091.10432544
2024-05-24,26.505,18.4843,1.2689,33043.62856564
2024-05-23,26.1022,18.33425,1.2728,33028.88609286
2024-05-22,25.951,18.0804,1.27115,33174.81158614
2024-05-21,25.825,18.1913,1.27105,33257.51935716
2024-05-20,25.575,18.1311,1.2705,33408.69217126
2024-05-17,25.275,18.20325,1.2658,33476.90734192
2024-05-16,25.025,18.27045,1.26855,33486.652366300004
2024-05-15,25.275,18.3627,1.2593,33507.141904740005
2024-05-14,25.475,18.3618,1.25565,33514.38820492
2024-05-13,27.309,18.4149,1.2525,33688.54928166
2024-05-10,27.3222,18.47515,1.25185,33779.50284254
2024-05-09,27.225,18.57365,1.24905,33814.23510892
2024-05-08,27.1901,18.5405,1.24885,34145.81581026
2024-05-07,27.153,18.5105,1.2553,34154.811217380004
2024-05-06,27.012,18.52575,1.25445,34171.80254194
2024-05-03,26.925,18.5355,1.25515,33867.707806800005
2024-05-02,26.775,18.57255,1.25345,33530.3800398
2024-04-30,26.625,18.69185,1.25365,33558.11587842
2024-04-29,26.65,18.7622,1.2541,33584.60235494
2024-04-26,26.325,19.0208,1.2506,33537.37646756
2024-04-25,26.317,19.2252,1.2471,33435.67839262
2024-04-24,25.975,19.0848,1.24545,33112.34348114
2024-04-23,25.825,19.1953,1.2344,33117.09105712
2024-04-22,25.675,19.1015,1.23835,33205.29602138
2024-04-19,25.4423,19.2482,1.24165,33265.265402180004
2024-04-17,25.125,19.06015,1.24185,33342.22610754
2024-04-16,25.0456,19.0122,1.24385,33387.9527604
2024-04-15,24.925,18.83935,1.24615,33489.65083534
2024-04-12,24.8883,18.7318,1.254,33527.38157076
2024-04-11,25.0035,18.7329,1.25485,33618.33513164
2024-04-10,24.575,18.4496,1.2678,33735.775169040004
2024-04-09,24.575,18.62865,1.2655,33819.73230216
2024-04-08,24.625,18.613,1.263,33886.698110720004
2024-04-05,24.9195,18.73505,1.2624,30674.3204
2024-04-04,24.9555,18.67425,1.26585,"26,412.7211"
2024-04-03,24.725,18.78685,1.25795,"22,913.4401"
2024-04-02,25.1545,18.9322,1.25465,"22,447.5305"
2024-03-28,25.025,18.92685,1.26355,"22,055.4738"
2024-03-27,25.489,18.99215,1.26155,"21,709.8253"
2024-03-26,26.899,18.8642,1.26425,21321.2802
2024-03-25,26.55,18.95535,1.26105,"20,945.1687"
2024-03-22,26.268,18.9367,1.26435,"20,389.3922"
2024-03-21,26.092,18.661,1.2792,"19,825.9982"
2024-03-20,25.775,18.92755,1.27185,"19,332.3989"
2024-03-19,25.6955,18.99465,1.27135,"18,944.4352"
2024-03-18,25.279,18.7649,1.27315,"18,621.0598"
2024-03-15,24.9655,18.77435,1.27365,18201.9215
2024-03-14,24.725,18.60975,1.27925,"17,830.8211"
2024-03-13,24.525,18.678,1.27885,"17,508.1883"
2024-03-12,24.625,18.683,1.28205,"17,203.0789"
2024-03-11,24.4005,18.7627,1.2852,"16,878.3728"
2024-03-08,24.16615,18.682,1.28095,"16,571.1734"
2024-03-07,23.96725,18.8175,1.27355,16270.4047
2024-03-06,23.9825,18.95565,1.27055,15993.7782
2024-03-05,23.7,19.06475,1.26855,15672.7084
2024-03-04,23.7005,19.119,1.26645,15393.9057
2024-03-01,23.525,19.1663,1.26255,"15,098.0368"
2024-02-29,23.275,19.2478,1.26645,"14,912.8290"
2024-02-28,23.1524,19.15425,1.26615,"14,624.3332"
2024-02-27,23.125,19.28235,1.26815,"14,320.4167"
2024-02-26,22.975,19.3142,1.2667,"14,010.6902"
2024-02-23,22.925,19.1592,1.26645,13736.3608
2024-02-22,22.725,18.9219,1.26435,13466.4147
2024-02-20,22.525,18.98755,1.2582,13164.026
2024-02-19,24.725,18.88275,1.26205,12955.1563
2024-02-16,26.225,18.95295,1.2582,"12,597.5820"
2024-02-15,26.575,19.0554,1.25685,"12,313.0448"
2024-02-14,26.775,19.10325,1.26025,"12,093.6596"
2024-02-13,26.875,18.9218,1.2618,"11,906.9172"
2024-02-12,26.9899,19.04605,1.26315,"11,671.0291"
2024-02-09,27.0885,18.96735,1.26175,"11,450.6640"
2024-02-08,26.925,18.8956,1.26325,"11,291.7103"
2024-02-07,27.2325,18.8417,1.26,"11,108.7383"
2024-02-06,27.175,19.0203,1.25545,"10,927.5296"
2024-02-05,27.215,18.9136,1.26125,"10,706.8745"
2024-02-02,27.2,18.5754,1.27485,"10,501.4715"
2024-02-01,27.125,18.6993,1.2674,10315.0938
2024-01-31,27.1815,18.8314,1.26775,10152.3933
2024-01-30,27.1475,18.81205,1.27095,9973.276
2024-01-29,26.925,18.8199,1.27005,9811.1683
2024-01-26,26.7831,18.8618,1.2706,"9,659.3679"
2024-01-25,0.07345,1.271,147.725,"9,499.4730"
2024-01-24,26.625,19.0401,1.2699,"9,414.4393"
2024-01-23,26.6325,19.1104,1.27335,"9,251.0572"
2024-01-22,26.475,19.0712,1.2718,9102.6379
2024-01-19,26.365,18.9417,1.27015,8999.9297
2024-01-18,26.4045,19.03115,1.26835,8890.1175
2024-01-17,26.225,19.01855,1.26085,8746.059
2024-01-16,26.1821,18.7907,1.26775,8630.2171
2024-01-15,26.251,18.6561,1.2753,"8,501.2833"
2024-01-12,26.242,18.6268,1.27745,8331.6206
2024-01-11,26.055,18.64615,1.27655,"8,240.2679"
2024-01-10,26.142,18.67345,1.27035,"7,687.3872"
2024-01-09,25.9164,18.6102,1.2742,"6,908.9862"
2024-01-08,25.875,18.75905,1.27,"6,467.0154"
2024-01-05,25.85,18.7114,1.26785,6443.1313
2024-01-04,25.9255,18.7226,1.26655,6358.648
2024-01-03,25.8695,18.55045,1.2638,6281.7922
2024-01-02,25.8335,18.29935,1.2728,"6,192.4022"
2023-12-29,25.778,18.54875,1.275,"6,104.7226"
2023-12-28,25.6805,18.35335,1.28145,"5,985.8272"
2023-12-27,25.475,18.5974,1.27275,"5,946.4371"
2023-12-21,25.225,18.2666,1.26475,"5,935.4572"
2023-12-20,25.125,18.32875,1.2721,"5,927.6389"
2023-12-19,25.0,18.5803,1.2661,"5,919.5531"
2023-12-18,24.85,18.2635,1.2694,5917.1743
2023-12-15,24.725,18.3393,1.2767,"5,912.2494"
2023-12-14,24.846,18.61525,1.26345,"5,909.2673"
2023-12-13,24.4,18.98765,1.2554,"5,903.3898"
2023-12-12,24.325,19.03525,1.25825,5841.3919
2023-12-11,24.275,19.0087,1.25425,5839.2425
2023-12-08,24.125,18.759,1.25905,"5,835.7745"
2023-12-07,24.025,18.98745,1.2546,"5,830.8141"
2023-12-06,23.975,18.9312,1.26105,"5,827.7972"
2023-12-05,23.925,18.82395,1.26365,"5,801.4660"
2023-12-04,23.825,18.6579,1.26755,"5,797.0157"
2023-12-01,23.75,18.8226,1.26425,"5,793.1209"
2023-11-30,23.725,18.72305,1.2696,"5,791.0824"
2023-11-29,23.675,18.5779,1.27095,"5,790.0545"
2023-11-28,23.625,18.6341,1.2627,"5,778.4440"
2023-11-27,23.575,18.81255,1.26055,"5,777.0539"
2023-11-24,23.455,18.81445,1.25435,"5,776.2304"
2023-11-23,23.375,18.8474,1.25065,5775.99
2023-11-22,23.325,18.6319,1.25245,"5,774.2758"
2023-11-21,23.25,18.2845,1.2532,5761.4639
2023-11-20,23.225,18.2435,1.2487,5760.2991
2023-11-17,23.0925,18.3849,1.24055,"5,758.5317"
2023-11-16,23.258,18.2483,1.23965,5756.7296
2023-11-15,23.0,18.2335,1.24915,5755.7081
2023-11-14,22.882,18.74305,1.22695,5741.8883
2023-11-13,22.901,18.7414,1.2228,5740.5731
2023-11-10,22.725,18.6527,1.22255,5739.522
2023-11-09,22.675,18.4703,1.22845,5739.0607
2023-11-08,22.525,18.3707,1.2278,5738.7217
2023-11-07,22.425,18.35915,1.23335,5720.3066
2023-11-06,22.275,18.2596,1.23725,5719.9977
2023-11-03,22.205,18.3886,1.2205,5719.7192
2023-11-02,22.125,18.489,1.21785,5718.9829
2023-11-01,22.1,18.6859,1.2134,5718.409
2023-10-31,22.025,18.92245,1.21435,5698.9606
2023-10-30,21.94405,18.83165,1.21135,5697.0282
2023-10-27,21.875,18.9188,1.21375,5696.3787
2023-10-26,21.8,19.1964,1.20815,5695.9159
2023-10-25,21.9175,19.01725,1.2172,5693.7825
2023-10-24,21.695,18.91365,1.22655,5678.9763
2023-10-23,21.655,18.99995,1.2152,5674.358
2023-10-20,21.703,19.02005,1.21365,5670.6186
2023-10-19,21.525,19.0281,1.2123,5668.2204
2023-10-18,21.619,18.7423,1.2187,5639.2352
2023-10-17,21.35,18.80355,1.2198,5638.3415
2023-10-16,21.275,18.96755,1.21585,5635.7917
2023-10-13,21.425,18.984,1.22065,5634.9908
2023-10-12,21.425,18.80955,1.2321,5634.1481
2023-10-11,21.425,19.03675,1.2294,5633.8332
2023-10-10,21.475,19.3502,1.22305,5594.3774
2023-10-09,21.375,19.34855,1.21985,5593.5629
2023-10-06,21.325,19.55375,1.2175,5592.9615
2023-10-05,21.275,19.30185,1.2158,5592.8791
2023-10-04,21.175,19.3282,1.2082,5591.9615
2023-10-03,21.075,19.2861,1.2063,5561.9974
2023-10-02,21.025,18.9513,1.21825,5546.0678
2023-09-29,20.925,18.9463,1.22205,5466.7466
2023-09-28,20.75,19.1631,1.2143,5382.868
2023-09-27,20.725,19.0917,1.2145,5252.6558
2023-09-26,21.025,18.82345,1.21995,5215.9597
2023-09-25,20.97795,18.7643,1.22395,5194.0076
2023-09-22,20.925,18.9062,1.2281,5170.8074
2023-09-21,20.8995,18.9161,1.232,5119.5946
2023-09-20,20.725,18.92975,1.23935,5015.4279
2023-09-19,20.625,19.04085,1.23755,4996.9694
2023-09-18,20.55,18.9511,1.2399,4924.679
2023-09-15,20.375,19.01275,1.2422,4829.683
2023-09-14,21.035,18.7672,1.25035,4714.5341
2023-09-13,21.025,18.92195,1.2489,4712.1675
2023-09-12,20.975,18.91175,1.25125,4695.4502
2023-09-11,20.925,19.007,1.25185,4664.271
2023-09-08,20.75,19.1085,1.2498,4648.3861
2023-09-07,20.625,19.2433,1.2499,4647.9693
2023-09-06,20.525,19.1232,1.2577,4647.9681
2023-09-05,20.425,19.1718,1.26185,4610.3894
2023-09-04,20.325,18.7818,1.2611,4610.3163
2023-09-01,20.225,18.8411,1.26675,4609.8591
2023-08-31,20.075,18.7147,1.2717,4608.1066
2023-08-30,19.975,18.51765,1.2624,4604.6233
2023-08-29,19.927,18.5263,1.2621,4575.5456
2023-08-28,19.725,18.602,1.2608,4570.3347
2023-08-25,19.625,18.87395,1.25695,4566.7928
2023-08-24,19.525,18.49235,1.2725,4569.253
2023-08-22,19.425,18.9463,1.277,4568.3853
2023-08-21,19.5635,19.01185,1.2736,4571.2998
2023-08-18,19.425,19.0972,1.2741,4573.773
2023-08-17,19.575,19.2493,1.27195,4577.5024
2023-08-16,19.475,19.12935,1.2705,4557.1128
2023-08-11,19.025,18.86075,1.26835,4555.75
2023-08-10,18.825,18.96075,1.27215,4557.0227
2023-08-09,19.125,18.8985,1.27625,4559.7414
2023-08-08,19.425,18.7858,1.27615,4547.6035
2023-08-07,19.6645,18.49405,1.27295,4552.6181
2023-08-04,19.3,18.67325,1.2732,4556.1616
2023-08-03,19.175,18.47025,1.2707,4534.6155
2023-08-02,19.025,18.3331,1.2781,4542.371
2023-08-01,18.975,17.92895,1.2828,4511.9275
2023-07-31,18.725,17.65085,1.2845,4516.8025
2023-07-28,18.3571,17.86955,1.2779,4517.1359
2023-07-27,18.325,17.5964,1.2945,4504.5019
2023-07-26,19.1,17.57385,1.28885,4505.4232
2023-07-25,19.475,17.66595,1.28375,4521.0663
2023-07-24,19.475,17.9944,1.28705,4523.5229
2023-07-21,0.0762,1.28745,140.305,4537.4909
2023-07-20,19.1,17.8643,1.29295,4752.2714
2023-07-19,18.975,17.9047,1.3022,4771.3854
2023-07-18,18.9,18.00625,1.3097,4876.2022
2023-07-17,19.05,18.12385,1.3091,4883.8208
2023-07-14,18.575,17.9408,1.3122,4985.0618
2023-07-13,18.425,18.12185,1.3008,4988.261
2023-07-12,18.29,18.4602,1.2955,4998.8352
2023-07-11,18.225,18.73815,1.28835,5297.5033
2023-07-10,18.25,18.91635,1.28065,5286.7296
2023-07-07,17.875,19.07525,1.27425,5251.064
2023-07-06,17.8,18.79695,1.27085,5412.5484
2023-07-05,17.575,18.67745,1.27115,5395.9619
2023-07-04,17.8,18.78,1.26855,5812.1353
2023-07-03,17.65,18.7986,1.2703,5769.1253
2023-06-30,17.475,18.739,1.26345,5739.7961
2023-06-29,17.405,18.6903,1.26245,6299.3218
2023-06-28,17.508,18.5685,1.27275,6326.5877
2023-06-27,17.0458,18.5701,1.27375,6949.1382
2023-06-26,17.0458,18.72745,1.27385,6862.2782
2023-06-23,17.125,18.60885,1.2709,6860.2303
2023-06-22,17.375,18.3774,1.2757,6840.5461
2023-06-21,17.425,18.3967,1.27605,6926.5764
2023-06-20,19.375,18.2309,1.27725,6790.3248
2023-06-19,19.33545,18.2363,1.2818,6713.3462
2023-06-16,19.225,18.24255,1.27845,6596.763
2023-06-15,19.075,18.38525,1.26505,6351.5575
2023-06-14,18.975,18.64765,1.2603,5978.6794
2023-06-13,19.475,18.55145,1.25385,5721.8064
2023-06-12,20.225,18.73505,1.2575,5247.0989
2023-06-09,20.125,18.8854,1.25505,5086.3307
2023-06-08,20.135,19.0834,1.24595,4868.5152
2023-06-07,20.0,19.25155,1.24185,3673.7718
2023-06-06,19.775,19.25,1.24435,2769.9366
2023-06-05,19.7,19.55855,1.2429,2727.0405
2023-06-02,19.6,19.60125,1.25275,2670.0225
2023-06-01,19.51785,19.72035,1.2432,2611.1693
2023-05-31,19.44705,19.77405,1.23875,2577.0564
2023-05-30,19.35,19.7546,1.2341,1989.1122
2023-05-29,19.275,19.67925,1.23545,1965.3643
2023-05-26,19.485,19.748,1.23375,1931.7079
2023-05-24,19.125,19.1933,1.2433,1888.0119
2023-05-23,18.9003,19.2464,1.2429,1448.9388
2023-05-22,18.775,19.4456,1.24445,1442.7309
2023-05-19,18.675,19.3194,1.23975,1432.5022
2023-05-18,18.575,19.28555,1.2471,1407.8179
2023-05-17,18.525,19.0908,1.24695,1404.8039
2023-05-16,18.7,19.05105,1.25195,1265.6205
2023-05-15,18.36,19.1102,1.24685,1253.6581
2023-05-12,18.275,19.175,1.2523,1235.3493
2023-05-11,18.225,18.8562,1.26215,1222.2740
2023-05-10,18.175,18.63725,1.26155,1212.5448
2023-05-09,18.075,18.3436,1.2614,1125.6671
2023-05-08,17.975,18.3927,1.265,1112.7253
2023-05-05,17.925,18.2625,1.2608,1096.9741
2023-05-04,17.865,18.21635,1.2587,1088.9411
2023-05-03,17.775,18.4513,1.249,1070.4171
2023-05-02,17.942,18.3655,1.25045,1059.6595
2023-04-28,17.775,18.3286,1.2484,1047.4449
2023-04-27,17.8,18.307,1.24835,1033.6025
2023-04-26,17.6316,18.2911,1.2427,1021.2072
2023-04-25,17.625,18.1879,1.24775,1010.9584
2023-04-24,18.0,18.1158,1.24285,1000.6754
2023-04-21,17.425,18.06245,1.24265,1000.4041
2023-04-20,17.275,18.1906,1.24315,1000.0227
2023-04-19,17.21625,18.1886,1.24135,989.06790
2023-04-17,18.125,18.07,1.24175,978.94870
2023-04-14,18.375,18.04165,1.2536,969.01050
2023-04-13,18.825,18.4075,1.24865,963.55330
2023-04-12,19.225,18.3517,1.2442,959.31110
2023-04-11,19.928,18.4639,1.2407,949.82720
2023-04-06,19.875,18.0839,1.24475,945.93650
2023-04-05,20.1,17.9158,1.24825,944.7133
2023-04-04,20.625,17.8686,1.2404,936.1228
2023-04-03,21.125,17.8754,1.2284,932.4874
2023-03-31,21.3997,17.857,1.23855,929.8618
2023-03-30,21.325,18.1051,1.2316,929.1243
2023-03-29,21.275,18.17665,1.2319,928.5887
2023-03-28,21.175,18.2533,1.2318,916.9700
2023-03-27,21.2,18.17805,1.2234,916.6577
2023-03-24,21.055,18.10865,1.22865,916.1134
2023-03-23,20.905,18.1445,1.23285,915.8636
2023-03-22,20.825,18.53315,1.2231,915.1822
2023-03-21,20.68,18.56505,1.22565,914.9547
2023-03-20,20.45,18.407,1.2183,914.4678
2023-03-17,20.5022,18.34145,1.21575,913.6675
2023-03-16,20.4122,18.4023,1.2075,913.1361
2023-03-15,20.2992,18.1269,1.21545,912.5828
2023-03-14,20.2,18.24575,1.21505,911.8166
2023-03-13,20.23125,18.2141,1.2111,910.9452
2023-03-10,20.195,18.54015,1.19225,910.3559
2023-03-08,20.175,18.61485,1.1819,907.9236
2023-03-07,20.0729,18.244,1.20405,904.7156
2023-03-06,20.025,18.1669,1.20315,903.5621
2023-03-03,19.975,18.1868,1.19715,899.4263
2023-03-02,19.925,18.2019,1.1995,896.9030
2023-03-01,19.9545,18.29835,1.20425,892.6349
2023-02-28,19.8,18.45065,1.20415,889.1325
2023-02-27,19.7399,18.4518,1.19395,885.9619
2023-02-24,19.7,18.21735,1.2023,884.2323
2023-02-23,19.64,18.2111,1.20585,881.7513
2023-02-22,19.575,18.27385,1.20995,875.6112
2023-02-20,19.66,18.05315,1.20335,871.1363
2023-02-17,19.425,18.22215,1.1947,864.0822
2023-02-16,19.375,18.01865,1.20455,860.7678
2023-02-15,19.3194,17.96695,1.21525,856.8403
2023-02-14,19.3,17.8441,1.21495,850.0785
2023-02-13,19.3775,17.95705,1.20435,846.1039
2023-02-10,19.2875,17.8082,1.20955,838.8520
2023-02-09,19.25,17.72405,1.2088,835.0978
2023-02-08,19.23,17.55375,1.20475,831.8147
2023-02-07,19.168,17.6188,1.2048,817.0563
2023-02-06,19.125,17.459,1.20655,812.1532
2023-02-03,19.14365,17.088,1.2218,805.8788
2023-02-02,19.1028,17.049,1.2393,803.9186
2023-02-01,19.03365,17.4129,1.23145,801.6023
2023-01-31,18.975,17.4108,1.23435,796.5215
2023-01-30,18.9319,17.19415,1.2399,785.5844
2023-01-27,18.88,17.23155,1.23815,783.1934
2023-01-26,18.915,17.1036,1.2395,780.795
2023-01-25,18.834,17.1841,1.23215,779.3101
2023-01-24,18.675,17.18355,1.23905,764.547
2023-01-23,18.7,17.0902,1.2425,755.0467
2023-01-20,18.525,17.28145,1.23695,746.6113
2023-01-19,18.475,17.14955,1.23325,738.4115
2023-01-18,18.4614,17.09005,1.22735,732.0036
2023-01-17,18.425,17.05115,1.219,722.2308
2023-01-16,18.425,16.7654,1.22645,714.5217
2023-01-13,18.3689,16.7636,1.2178,711.8963
2023-01-12,18.325,16.9299,1.2166,708.6502
2023-01-11,18.3125,16.9891,1.2172,705.4164
2023-01-10,18.3,16.9226,1.21735,704.9228
2023-01-09,18.31,17.0558,1.21515,704.1765
2023-01-06,18.2,17.2036,1.19085,699.8479
2023-01-05,18.344,16.95825,1.20345,694.1992
2023-01-04,18.16,16.9519,1.19835,690.2349
2023-01-03,18.075,16.9428,1.207,687.2836
2022-12-30,18.0411,16.96265,1.20525,684.3339
2022-12-29,18.035,17.0815,1.2036,681.6849
2022-12-28,17.965,17.26005,1.2027,679.8721
2022-12-23,17.885,17.16395,1.2042,677.8527
2022-12-21,17.805,17.3056,1.2167,676.228
2022-12-20,17.725,17.42295,1.2102,674.8354
2022-12-19,17.69,17.6076,1.21735,673.6247
2022-12-16,17.652,17.5141,1.2206,672.7011
2022-12-15,17.585,17.23455,1.23865,672.2049
2022-12-14,17.51,17.2644,1.23575,671.7242
2022-12-13,17.4725,17.58615,1.22705,668.9843
2022-12-12,17.395,17.3746,1.2229,664.6924
2022-12-09,17.3755,17.1237,1.2262,662.7944
2022-12-08,17.3465,17.1909,1.21885,661.9627
2022-12-07,17.29,17.32965,1.2134,661.7149
2022-12-06,17.17585,17.46945,1.2189,658.7373
2022-12-05,17.165,17.2831,1.2343,656.7892
2022-12-02,17.195,17.5413,1.22305,655.5619
2022-12-01,17.06085,17.1473,1.2099,654.963
2022-11-30,17.05,16.9706,1.1979,654.9284
2022-11-29,16.955,17.0762,1.2005,652.7132
2022-11-28,16.9,17.1432,1.2053,649.2784
2022-11-25,17.0,17.0145,1.21035,647.085
2022-11-24,16.77,16.9371,1.2111,646.7846
2022-11-23,16.775,17.2571,1.18865,646.4123
2022-11-22,16.675,17.31525,1.1837,643.3081
2022-11-21,16.6386,17.34585,1.1829,640.635
2022-11-18,16.605,17.37435,1.1892,639.3123
2022-11-17,16.559,17.3032,1.18995,639.1701
2022-11-16,16.49625,17.3297,1.18675,639.1201
2022-11-15,16.468,17.259,1.1782,638.2277
2022-11-14,16.435,17.3144,1.1757,636.8016
2022-11-11,16.439,17.3894,1.17035,636.7837
2022-11-10,16.3254,17.7617,1.141,636.4098
2022-11-09,16.305,17.74755,1.1536,636.3728
2022-11-08,16.305,17.7798,1.14885,635.4799
2022-11-07,16.263,17.94645,1.1342,634.9562
2022-11-04,16.3015,18.31835,1.12285,634.8868
2022-11-03,16.295,18.22345,1.14155,634.7746
2022-11-02,16.21,18.1227,1.1515,634.5367
2022-11-01,16.17095,18.2956,1.15135,633.7681
2022-10-31,16.145,18.21425,1.15925,632.7703
2022-10-28,16.115,17.9768,1.15675,632.2597
2022-10-27,16.0591,17.9537,1.1625,632.2455
2022-10-26,16.05,18.2098,1.1454,632.1556
2022-10-25,15.965,18.4331,1.1292,630.9359
2022-10-24,15.992,18.1891,1.1341,629.9317
2022-10-21,15.945,18.3676,1.11855,629.8708
2022-10-20,15.922,18.2942,1.1229,629.8555
2022-10-19,15.95,18.122,1.1319,629.5965
2022-10-18,15.914,17.9869,1.1376,628.9992
2022-10-17,15.961,18.2872,1.1258,628.5622
2022-10-14,15.86,18.2069,1.1316,628.3047
2022-10-13,15.86,18.3276,1.10855,628.2304
2022-10-12,15.81,18.1703,1.09935,628.2069
2022-10-11,15.805,18.176,1.10335,628.0003
2022-10-10,15.83,18.15345,1.1079,627.1642
2022-10-07,15.805,17.9857,1.1164,626.9728
2022-10-06,15.76635,17.69855,1.13635,626.9411
2022-10-05,15.775,17.6593,1.1443,626.8524
2022-10-04,15.75,17.8117,1.1331,623.2271
2022-10-03,15.725,17.99,1.12455,621.9627
2022-09-30,15.835,17.9983,1.1127,621.8922
2022-09-29,15.75,17.9391,1.0799,621.8788
2022-09-28,15.775,18.14335,1.0662,621.624
2022-09-27,15.725,17.99925,1.07715,618.3696
2022-09-26,15.785,18.0779,1.057,637.1453
2022-09-23,15.697,17.6299,1.124,614.2677
2022-09-22,15.65,17.7539,1.12485,614.1789
2022-09-21,15.85,17.6949,1.1374,613.377
2022-09-20,15.6,17.6904,1.1435,608.7014
2022-09-19,15.6454,17.6937,1.1392,603.9902
2022-09-16,15.6945,17.5923,1.1455,604.1834
2022-09-15,15.575,17.49825,1.1511,604.5012
2022-09-14,15.5559,17.4039,1.1512,604.2583
2022-09-13,15.5,17.1139,1.16895,599.2253
2022-09-12,15.65,17.28185,1.1618,591.9534
2022-09-09,15.475,17.3984,1.1584,585.0986
2022-09-08,15.567,17.30475,1.1508,582.0625
2022-09-07,15.425,17.354,1.14815,580.5865
2022-09-06,15.5265,17.1248,1.159,572.9048
2022-09-05,15.65,17.40415,1.14485,565.8345
2022-09-02,15.3,17.293,1.155,559.8774
2022-09-01,15.99,17.17,1.1588,551.9291
2022-08-31,16.065,16.8959,1.1686,546.8254
2022-08-30,16.115,16.8491,1.17035,542.7004
2022-08-29,16.15,16.9837,1.1662,535.9859
2022-08-26,16.145,16.78005,1.18035,532.0148
2022-08-25,16.14,16.8772,1.18305,528.0554
2022-08-24,16.1675,17.0151,1.18225,521.2673
2022-08-23,16.165,17.01485,1.17505,513.9277
2022-08-22,16.125,17.0026,1.18325,507.0926
2022-08-19,16.125,16.905,1.1912,500.6271
2022-08-18,16.115,16.65795,1.20465,498.5334
2022-08-17,16.1,16.4015,1.2118,493.0657
2022-08-16,16.1125,16.43085,1.20385,488.6269
2022-08-15,16.11,16.24085,1.21135,485.4088
2022-08-12,16.1,16.2435,1.22005,481.8543
2022-08-11,16.0875,16.23465,1.21895,478.1262
2022-08-10,16.0875,16.5966,1.20815,470.8067
2022-08-05,16.0625,16.6224,1.21435,465.3915
2022-08-04,16.035,16.76375,1.2155,460.7741
2022-08-03,15.975,16.70985,1.2177,458.0672
2022-08-02,16.4,16.56225,1.22495,455.0111
2022-08-01,16.4,16.6509,1.2181,449.6571
2022-07-29,16.325,16.47815,1.21965,443.8823
2022-07-28,16.325,16.6646,1.2167,439.1103
2022-07-27,16.8375,16.88535,1.20545,434.0519
2022-07-26,16.8,16.7361,1.20655,429.3095
2022-07-25,16.45,16.85575,1.19695,423.4934
2022-07-22,16.475,17.06395,1.19595,413.4325
2022-07-21,16.45,17.07855,1.19985,408.5677
2022-07-20,16.425,17.09795,1.20275,404.4081
2022-07-19,16.425,17.10615,1.1962,403.1787
2022-07-18,16.425,17.01315,1.19015,399.4046
2022-07-15,16.415,17.1792,1.18345,396.894
2022-07-14,16.375,16.986,1.18485,393.8579
2022-07-13,16.375,16.99865,1.1903,388.776
2022-07-12,16.3922,17.1429,1.18635,385.1511
2022-07-11,16.325,16.9662,1.1982,385.4131
2022-07-08,16.325,16.74905,1.2003,382.4981
2022-07-07,16.325,16.7499,1.1955,380.4024
2022-07-06,16.575,16.58395,1.1932,380.0225
2022-07-05,16.575,16.3213,1.21185,376.8387
2022-07-04,16.575,16.331,1.2105,375.444
2022-07-01,16.825,16.3661,1.213,372.874
2022-06-30,17.1418,16.2665,1.21285,370.9646
2022-06-29,17.1251,16.066,1.21965,367.2153
2022-06-28,17.1825,15.82995,1.22685,365.2381
2022-06-27,17.0725,15.81725,1.22855,362.6034
2022-06-24,17.0365,15.91615,1.22815,359.722
2022-06-23,17.0,15.91875,1.22585,355.1833
2022-06-22,16.975,15.9951,1.223,351.9584
2022-06-21,16.9891,16.03905,1.22615,347.3129
2022-06-20,16.97,15.9987,1.22325,344.0152
2022-06-17,16.9472,15.97905,1.23075,341.2498
2022-06-16,16.928,15.8558,1.2142,339.1571
2022-06-15,16.9,15.95345,1.20165,336.4035
2022-06-14,16.9,16.04915,1.21735,333.4552
2022-06-13,16.9,15.96035,1.2297,331.0962
2022-06-10,16.95,15.4375,1.2517,326.718
2022-06-09,16.8841,15.28765,1.25295,325.5639
2022-06-08,16.825,15.4354,1.25745,315.1937
2022-06-07,17.024,15.5212,1.2466,312.0164
2022-06-06,16.96,15.4885,1.25035,311.4929
2022-06-03,17.125,15.4574,1.25735,309.0693
2022-06-02,17.275,15.61825,1.24735,307.3619
2022-06-01,17.275,15.6869,1.25805,304.4223
2022-05-31,17.25,15.4898,1.26185,301.4994
2022-05-30,17.225,15.55105,1.2646,299.6819
2022-05-27,17.2,15.66805,1.2651,298.5504
2022-05-26,17.276,15.77095,1.25625,296.6801
2022-05-24,17.2255,15.82515,1.2571,295.6945
2022-05-23,17.08135,15.8081,1.25475,293.2709
2022-05-20,17.0553,15.8429,1.2457,291.1117
2022-05-19,17.025,16.0115,1.2375,288.6439
2022-05-18,17.025,15.93705,1.24865,286.7634
2022-05-17,17.025,16.0526,1.2347,284.9378
2022-05-16,16.975,16.1748,1.22515,283.6546
2022-05-13,17.025,16.0039,1.22205,281.6804
2022-05-12,17.152,16.19825,1.2205,279.8104
2022-05-11,17.05,16.0835,1.2337,278.761
2022-05-10,17.114,16.1149,1.23705,277.0262
2022-05-09,17.025,16.1575,1.2287,275.7864
2022-05-06,17.007,16.02515,1.2363,165.9942
2022-05-05,16.975,15.5097,1.2559,165.9942
2022-05-04,16.975,15.76555,1.24745,165.9942
2022-05-03,17.136,16.1297,1.252,159.3482
2022-04-29,17.1075,15.8818,1.2519,159.3482
2022-04-28,17.0327,15.9587,1.2521,159.3482
2022-04-27,17.0268,15.82805,1.25935,159.3482
2022-04-26,0.0834,1.2741,127.855,155.1419
2022-04-25,0.08355,1.27965,128.495,155.1419
2022-04-22,17.4507,15.40855,1.3027,155.1419
2022-04-21,17.4,15.05605,1.30605,155.1419
2022-04-20,17.385,14.94315,1.30335,150.2157
2022-04-19,17.4975,14.6914,1.2993,150.2157
2022-04-14,17.42125,14.5123,1.31435,150.2157
2022-04-13,17.375,14.4975,1.30055,150.2157
2022-04-12,17.5,14.55605,1.3031,145.8721
2022-04-11,17.5,14.66835,1.30145,145.8721
2022-04-08,17.525,14.76625,1.3068,145.8721
2022-04-07,17.525,14.674,1.30875,145.8721
2022-04-06,17.575,14.69555,1.3074,145.8721
2022-04-05,17.6715,14.5682,1.3134,142.4237
2022-04-04,17.775,14.6489,1.312,142.4237
2022-04-01,18.115,14.62025,1.31315,142.4237
2022-03-31,18.05,14.5195,1.31205,142.4237
2022-03-30,17.9986,14.51645,1.3117,142.4237
2022-03-29,17.9599,14.68125,1.3089,138.1979
2022-03-28,17.875,14.6169,1.3146,138.1979
2022-03-25,17.8264,14.4863,1.32215,138.1979
2022-03-24,17.775,14.7582,1.31885,138.1979
2022-03-23,17.707,14.8065,1.32805,138.1979
2022-03-22,17.7526,14.971,1.3134,134.082
2022-03-21,17.7185,15.00645,1.3153,134.082
2022-03-18,17.7185,14.9442,1.316,134.082
2022-03-17,17.7404,14.922,1.31555,134.082
2022-03-16,17.82,15.072,1.30585,134.082
2022-03-15,17.925,15.10385,1.30475,130.1567
2022-03-14,18.25,15.06515,1.3015,130.1567
2022-03-11,18.2,15.0956,1.3075,130.1567
2022-03-10,18.209,15.0527,1.31715,130.1567
2022-03-09,18.149,15.2673,1.31225,130.1567
2022-03-08,18.0664,15.3967,1.3111,127.4864
2022-03-07,18.025,15.3893,1.3216,127.4864
2022-03-04,17.975,15.2401,1.334,127.4864
2022-03-03,17.875,15.3387,1.3405,127.4864
2022-03-02,17.835,15.3947,1.3302,127.4864
2022-03-01,17.8,15.3634,1.3412,124.0189
2022-02-28,17.74,15.3606,1.3354,124.0189
2022-02-25,17.635,15.27385,1.34265,124.0189
2022-02-24,17.6579,15.31175,1.34955,124.0189
2022-02-23,17.5882,15.03755,1.3592,124.0189
2022-02-22,17.6,15.1892,1.35915,120.5174
2022-02-18,17.5,14.9784,1.36085,120.5174
2022-02-17,17.775,15.0342,1.35815,120.5174
2022-02-16,18.075,15.08445,1.3546,120.5174
2022-02-15,18.78,15.0815,1.35335,118.8748
2022-02-14,18.7665,15.2434,1.35425,118.8748
2022-02-11,18.6835,15.2344,1.35275,118.8748
2022-02-10,18.56,15.2439,1.353,118.8748
2022-02-09,18.48825,15.3316,1.3559,118.8748
2022-02-08,18.45,15.5604,1.35125,116.65
2022-02-07,18.37,15.4567,1.35285,116.65
2022-02-04,18.325,15.24255,1.35965,116.65
2022-02-03,18.215,15.38665,1.3551,116.65
2022-02-02,18.1,15.27015,1.35225,116.65
2022-02-01,18.1,15.36565,1.34525,115.4223
2022-01-31,18.025,15.5831,1.34145,115.4223
2022-01-28,17.915,15.4409,1.3414,115.4223
2022-01-27,17.8,15.40595,1.3435,115.4223
2022-01-26,17.675,15.23615,1.3508,115.4223
2022-01-25,17.605,15.3018,1.3474,112.8228
2022-01-24,17.505,15.0988,1.35545,112.8228
2022-01-21,17.4036,15.26055,1.359,112.8228
2022-01-20,17.325,15.31525,1.36215,112.8228
2022-01-19,17.27,15.5316,1.36035,112.8228
2022-01-18,17.25,15.42685,1.36365,108.666
2022-01-17,17.15,15.4063,1.3678,108.666
2022-01-14,17.0695,15.3716,1.3729,108.666
2022-01-13,16.997,15.3161,1.3715,108.666
2022-01-12,16.975,15.5003,1.36415,108.666
2022-01-11,16.918,15.68305,1.35935,108.666
2022-01-10,16.8711,15.59,1.3586,108.666
2022-01-07,16.8188,15.7263,1.35475,108.666
2022-01-06,16.7736,15.9551,1.35275,108.666
2022-01-05,16.765,16.0559,1.35225,108.666
2022-01-04,16.6949,15.8287,1.34695,108.666
2022-01-03,16.6681,15.97505,1.34985,108.666
2021-12-31,16.6514,15.912,1.35,108.666
2021-12-30,16.6355,15.95965,1.34805,108.666
2021-12-29,16.6124,15.78465,1.34305,108.666
2021-12-28,16.5906,15.5512,1.34385,108.666
2021-12-24,16.54595,15.6346,1.3399,108.666
2021-12-23,16.521,15.72105,1.33505,108.666
2021-12-21,16.4734,15.7988,1.3213,108.666
2021-12-20,16.445,15.9468,1.32235,108.666
2021-12-17,16.3892,15.9597,1.33265,108.666
2021-12-16,16.35,16.0282,1.32465,108.666
2021-12-15,16.2962,16.08515,1.32385,108.666
2021-12-14,16.3,16.0392,1.3201,108.6678
2021-12-13,16.15,15.96535,1.32515,108.6678
2021-12-10,16.025,15.992,1.32215,108.6678
2021-12-09,16.825,15.73055,1.32105,108.6678
2021-12-08,17.5353,15.8433,1.32545,108.6678
2021-12-07,17.675,15.8772,1.32855,105.6896
2021-12-06,17.8494,16.04705,1.32325,105.6896
2021-12-03,17.825,15.96475,1.32895,105.6896
2021-12-02,17.817,16.023,1.32895,105.6896
2021-12-01,17.8042,15.8076,1.33215,105.6896
2021-11-30,17.805,16.1208,1.33195,105.6684
2021-11-29,17.765,16.15865,1.33295,105.6684
2021-11-26,17.757,16.1874,1.33045,105.6684
2021-11-25,17.721,15.8856,1.33475,105.6684
2021-11-24,17.6783,15.8751,1.33755,105.6684
2021-11-23,17.6515,15.85305,1.33935,105.6965
2021-11-22,17.6371,15.73275,1.3443,105.6965
2021-11-19,17.625,15.6406,1.34855,105.6965
2021-11-18,17.5753,15.46805,1.34865,105.6965
2021-11-17,17.546,15.52865,1.3418,105.6965
2021-11-16,17.493,15.2115,1.3429,99.9301
2021-11-15,17.48075,15.3322,1.343,99.9301
2021-11-12,17.47,15.2972,1.33615,99.9301
2021-11-11,17.475,15.41635,1.34135,99.9301
2021-11-10,17.465,15.0849,1.35515,99.9301
2021-11-09,17.445,14.9326,1.3569,98.9821
2021-11-08,17.435,14.9714,1.348,98.9821
2021-11-05,17.365,15.23255,1.3497,98.9821
2021-11-04,17.3396,15.2931,1.3655,98.9821
2021-11-03,17.3158,15.4094,1.363,98.9821
2021-11-02,17.29,15.462,1.36585,97.1361
2021-11-01,17.2634,15.2562,1.36755,97.1361
2021-10-29,17.2395,15.1387,1.37945,97.1361
2021-10-28,17.1952,15.0877,1.37445,97.1361
2021-10-27,17.1463,14.853,1.37735,97.1361
2021-10-25,17.1155,14.7879,1.37805,93.081
2021-10-22,17.095,14.65535,1.37985,93.081
2021-10-21,17.0581,14.4426,1.3816,93.081
2021-10-20,16.9799,14.5026,1.38085,93.081
2021-10-19,16.945,14.626,1.37735,90.0792
2021-10-18,16.945,14.67325,1.37275,90.0792
2021-10-15,17.185,14.7625,1.36865,90.0792
2021-10-14,16.925,14.9306,1.3615,90.0792
2021-10-13,16.925,14.94195,1.36045,90.0792
2021-10-12,16.9983,15.05975,1.3606,88.5532
2021-10-11,17.1267,14.9646,1.36505,88.5532
2021-10-08,17.0516,14.986,1.36045,88.5532
2021-10-07,17.0516,14.9933,1.3579,88.5532
2021-10-06,17.04,15.11005,1.3602,88.5532
2021-10-05,16.9199,15.0669,1.35915,87.6653
2021-10-04,16.735,14.91785,1.35415,87.6653
2021-10-01,16.75,15.12375,1.3455,87.6653
2021-09-30,16.7397,15.11785,1.34435,87.6653
2021-09-29,16.695,15.1162,1.35485,87.6653
2021-09-28,16.655,14.96355,1.37165,86.9267
2021-09-27,16.602,14.91675,1.3676,86.9267
2021-09-24,16.575,14.7661,1.37175,86.9267
2021-09-23,16.495,14.7857,1.36415,86.9267
2021-09-22,16.45705,14.77375,1.36535,86.9267
2021-09-21,16.445,14.73445,1.36745,86.301
2021-09-20,16.41,14.8236,1.37055,86.301
2021-09-17,16.385,14.5862,1.38045,86.301
2021-09-16,16.3593,14.42265,1.38335,86.301
2021-09-15,16.3139,14.3503,1.38025,86.301
2021-09-14,16.2738,14.15675,1.3842,86.2131
2021-09-13,16.233,14.25185,1.38225,86.2131
2021-09-10,16.205,14.1738,1.38505,86.2131
2021-09-09,16.17955,14.20555,1.37565,86.2131
2021-09-08,16.15575,14.3038,1.37725,86.2131
2021-09-07,16.1212,14.2375,1.3839,86.0551
2021-09-06,16.0955,14.3584,1.38435,86.0551
2021-09-03,16.0565,14.4477,1.38335,86.0551
2021-09-02,16.0,14.4052,1.37755,86.0551
2021-09-01,15.9385,14.52335,1.3737,86.0551
2021-08-31,15.8878,14.6286,1.37875,85.9084
2021-08-30,15.85,14.72355,1.3767,85.9084
2021-08-27,16.425,14.90315,1.37,85.9084
2021-08-26,16.475,14.96695,1.37555,85.9084
2021-08-25,16.75,15.0156,1.3723,85.9084
2021-08-24,16.75,15.07845,1.37425,85.829
2021-08-23,17.025,15.22455,1.36525,85.829
2021-08-20,17.525,15.23515,1.3628,85.829
2021-08-19,18.625,15.04215,1.37175,85.829
2021-08-18,19.153,14.8494,1.3743,85.829
2021-08-17,19.2006,14.89625,1.38295,85.7467
2021-08-16,19.305,14.7568,1.38475,85.7467
2021-08-13,19.305,14.78995,1.38115,85.7467
2021-08-12,19.305,14.6586,1.38685,85.7467
2021-08-11,19.3009,14.8175,1.38295,85.7286
2021-08-06,19.245,14.4867,1.392,85.7286
2021-08-05,19.25,14.3739,1.3886,85.7286
2021-08-04,19.175,14.2839,1.3929,85.7286
2021-08-03,19.225,14.42695,1.3894,85.6402
2021-08-02,19.225,14.6254,1.39025,85.6402
2021-07-30,19.275,14.61,1.3945,85.6402
2021-07-29,19.17875,14.711,1.39325,85.6402
2021-07-28,19.275,14.7995,1.38685,85.6402
2021-07-27,19.905,14.79235,1.3828,85.6373
2021-07-26,20.975,14.85915,1.37535,85.6373
2021-07-23,21.925,14.7572,1.3738,85.6373
2021-07-22,22.275,14.55955,1.37255,85.6373
2021-07-21,22.3,14.69895,1.3605,85.6373
2021-07-20,22.475,14.57645,1.3663,85.5099
2021-07-19,22.64,14.44625,1.37525,85.5099
2021-07-16,22.6625,14.529,1.3834,85.5099
2021-07-15,22.6675,14.4873,1.38495,85.5099
2021-07-14,22.6725,14.7244,1.38315,85.5099
2021-07-13,22.66975,14.39225,1.38895,85.5097
2021-07-12,22.6675,14.31395,1.3889,85.5097
2021-07-09,22.66,14.3123,1.3782,85.5097
2021-07-08,22.66,14.34395,1.3789,85.5097
2021-07-07,22.6575,14.3346,1.38095,85.5097
2021-07-06,22.6575,14.22375,1.3884,85.4234
2021-07-05,22.6575,14.248,1.3825,85.4234
2021-07-02,22.6575,14.47115,1.3766,85.4234
2021-07-01,22.655,14.29505,1.3819,85.4234
2021-06-30,22.6525,14.3382,1.38495,85.4234
2021-06-29,22.6525,14.27285,1.3869,85.3664
2021-06-28,22.621,14.1834,1.38905,85.3664
2021-06-25,22.585,14.17225,1.3925,85.3664
2021-06-24,22.585,14.21505,1.39635,85.3664
2021-06-23,22.585,14.2461,1.3938,85.3664
2021-06-22,22.5875,14.26855,1.39045,85.2455
2021-06-21,22.5875,14.3747,1.3807,85.2455
2021-06-18,22.58,14.1099,1.3901,85.2455
2021-06-17,22.58,13.9531,1.40075,85.2455
2021-06-16,22.575,13.7672,1.4089,85.2455
2021-06-15,22.575,13.76765,1.41205,85.0724
2021-06-11,22.56975,13.5794,1.41815,85.0724
2021-06-10,22.555,13.7363,1.41065,85.0724
2021-06-09,22.565,13.57245,1.41545,85.0724
2021-06-08,22.545,13.5322,1.41605,84.7653
2021-06-07,22.545,13.4288,1.4129,84.7653
2021-06-04,22.56,13.6472,1.40935,84.7653
2021-06-03,22.555,13.54035,1.4153,84.7653
2021-06-02,22.5287,13.774,1.4154,84.7653
2021-06-01,22.495,13.71865,1.4222,84.7259
2021-05-31,22.495,13.788,1.41855,84.7259
2021-05-28,22.4925,13.7868,1.41865,84.7259
2021-05-27,22.4925,13.76495,1.41175,84.7259
2021-05-26,22.49125,13.8166,1.4163,84.6494
2021-05-24,22.475,13.945,1.41545,84.6494
2021-05-21,22.475,13.99335,1.41865,84.6494
2021-05-20,22.47,14.0684,1.41155,84.6494
2021-05-19,22.4675,13.99885,1.41845,84.6494
2021-05-18,22.46,14.0573,1.41735,84.614
2021-05-17,22.4525,14.1607,1.40845,84.614
2021-05-14,22.3925,14.1229,1.4048,84.614
2021-05-13,22.39,14.1251,1.4051,84.614
2021-05-12,22.38,14.03405,1.4121,84.614
2021-05-11,22.38,14.0633,1.41215,84.5282
2021-05-10,22.371,14.0577,1.4044,84.5282
2021-05-07,22.365,14.206,1.3908,84.5282
2021-05-06,22.36,14.37095,1.3908,84.5282
2021-05-05,22.355,14.4366,1.39005,84.5282
2021-05-04,22.35,14.4443,1.38805,84.5032
2021-05-03,22.3425,14.4976,1.3815,84.5032
2021-04-30,22.335,14.3202,1.3942,84.5032
2021-04-29,22.29,14.2261,1.3958,84.5032
2021-04-28,22.28,14.3916,1.3885,84.5032
2021-04-27,22.2683,14.2689,1.3894,84.4826
2021-04-26,22.26,14.2741,1.3901,84.4826
2021-04-23,22.255,14.2946,1.3858,84.4826
2021-04-22,22.2412,14.2691,1.3931,84.4826
2021-04-21,22.24,14.3248,1.3934,84.4826
2021-04-20,22.1975,14.2052,1.39955,84.4827
2021-04-16,22.19,14.1896,1.3767,84.4827
2021-04-15,22.185,14.4062,1.3779,84.4827
2021-04-14,22.175,14.4849,1.377,84.4827
2021-04-13,22.175,14.5968,1.3733,84.397
2021-04-12,22.17,14.6379,1.3681,84.397
2021-04-09,22.165,14.5657,1.372,84.397
2021-04-08,22.1253,14.5255,1.3762,84.397
2021-04-07,22.12,14.5033,1.383,84.397
2021-04-06,22.0875,14.569,1.3913,84.4001
2021-04-01,22.08,14.8164,1.3755,84.4001
2021-03-31,22.08,14.9369,1.3726,84.4001
2021-03-30,22.075,14.8889,1.3775,84.1197
2021-03-29,22.07,15.0416,1.3769,84.1197
2021-03-26,22.065,14.9581,1.3762,84.1197
2021-03-25,22.06,14.932,1.3696,84.1197
2021-03-24,22.055,14.9122,1.3704,84.1197
2021-03-23,22.055,14.8261,1.3826,83.983
2021-03-22,22.0438,14.8285,1.3862,83.983
2021-03-19,22.04,14.75465,1.39105,83.983
2021-03-18,22.0425,14.6778,1.39545,83.983
2021-03-17,22.0375,14.8977,1.38815,83.983
2021-03-16,21.965,14.85665,1.3871,83.9827
2021-03-15,21.9575,14.9976,1.39135,83.9827
2021-03-12,21.9575,14.8996,1.3974,83.9827
2021-03-11,21.95,15.0729,1.3937,83.9827
2021-03-10,21.95,15.3435,1.38635,83.9827
2021-03-09,21.925,15.4847,1.384,83.8891
2021-03-08,21.925,15.35715,1.3829,83.8891
2021-03-05,21.935,15.34055,1.3882,83.8891
2021-03-04,21.935,15.065,1.39545,83.8891
2021-03-03,21.91,14.93205,1.39525,83.8891
2021-03-02,21.8374,15.065,1.38715,83.8868
2021-03-01,21.8043,14.9809,1.39835,83.8868
2021-02-26,21.7705,15.0777,1.39585,83.8868
2021-02-25,21.7331,14.485,1.41675,83.8868
2021-02-24,21.71,14.57875,1.41575,83.8868
2021-02-23,21.75,14.622,1.40815,83.7573
2021-02-19,21.63,14.5808,1.39725,83.7573
2021-02-18,21.635,14.65665,1.3851,83.7573
2021-02-17,21.625,14.7148,1.38865,83.7573
2021-02-16,21.625,14.42895,1.39395,83.372
2021-02-15,21.615,14.475,1.3898,83.372
2021-02-12,21.5925,14.63445,1.3798,83.372
2021-02-11,21.5925,14.72,1.38495,83.372
2021-02-10,21.5925,14.71835,1.38215,83.372
2021-02-09,21.5925,14.8051,1.37815,83.3725
2021-02-08,21.485,14.86425,1.37305,83.3725
2021-02-05,21.485,14.9966,1.368,83.3725
2021-02-04,21.48,15.00675,1.36055,83.3725
2021-02-03,21.47,14.94865,1.3647,83.3725
2021-02-02,21.425,15.02285,1.3688,82.6756
2021-02-01,21.42,15.11045,1.37375,82.6756
2021-01-29,21.42,15.2681,1.3705,82.6756
2021-01-28,21.415,15.2766,1.3674,82.6756
2021-01-27,21.4025,15.0863,1.37355,82.6756
2021-01-26,21.405,15.3101,1.36525,82.0833
2021-01-25,21.3425,15.1077,1.3704,82.0833
2021-01-22,21.35,14.9875,1.3711,82.0833
2021-01-21,21.345,14.8913,1.36995,82.0833
2021-01-20,21.3275,14.95655,1.36495,82.0833
2021-01-19,21.32175,15.25795,1.3571,82.0914
2021-01-19,21.32,15.1284,1.36055,82.0914
2021-01-15,21.3175,15.1379,1.36765,82.0914
2021-01-14,21.31,15.258,1.36345,82.0914
2021-01-13,21.275,15.2353,1.36805,82.0914
2021-01-12,21.2325,15.5918,1.35295,81.7866
2021-01-11,21.2275,15.4182,1.3505,81.7866
2021-01-08,21.215,15.39985,1.35625,81.7866
2021-01-07,21.19,15.0477,1.35865,81.7866
2021-01-06,21.1875,15.0176,1.36155,81.7866
2021-01-05,21.1763,14.6613,1.3597,81.7866
2021-01-04,21.17,14.6307,1.3677,81.7866
2020-12-31,21.165,14.6232,1.3625,81.7866
2020-12-30,21.1625,14.659,1.3534,81.7866
2020-12-29,21.1615,14.5933,1.3482,81.7866
2020-12-28,21.155,14.571,1.3575,81.7866
2020-12-24,21.15,14.6107,1.3556,81.7866
2020-12-23,21.145,14.6561,1.3401,81.7866
2020-12-21,21.1425,14.7587,1.3359,81.7368
2020-12-18,21.135,14.7149,1.3526,81.7368
2020-12-17,21.14,14.7915,1.3543,81.7368
2020-12-16,21.085,14.8958,1.346,81.7368
2020-12-15,21.0779,15.0408,1.3336,81.8572
2020-12-14,21.075,15.0816,1.3327,81.8572
2020-12-11,21.0475,15.0286,1.3314,81.8572
2020-12-10,21.044,14.9792,1.3353,81.8572
2020-12-09,21.04,14.9327,1.3376,81.8572
2020-12-08,21.0338,15.1585,1.336,81.8765
2020-12-07,21.04,15.23185,1.34165,81.8765
2020-12-04,21.03,15.1636,1.3445,81.8765
2020-12-03,21.025,15.3264,1.339,81.8765
2020-12-02,21.02,15.2848,1.3415,81.8765
2020-12-01,21.015,15.4023,1.33625,81.8151
2020-11-30,21.0125,15.2595,1.3342,81.8151
2020-11-27,21.01,15.1916,1.3369,81.8151
2020-11-26,21.005,15.10175,1.33895,81.8151
2020-11-25,21.0,15.21745,1.3347,81.8151
2020-11-24,20.99,15.3848,1.3335,81.7102
2020-11-23,20.9875,15.3693,1.3317,81.7102
2020-11-20,20.9454,15.40445,1.32745,81.7102
2020-11-19,20.9367,15.5158,1.32345,81.7102
2020-11-18,20.9306,15.3874,1.3264,81.7102
2020-11-17,20.9147,15.32605,1.32175,81.6741
2020-11-16,20.9,15.47665,1.32215,81.6741
2020-11-13,20.89,15.65235,1.31275,81.6741
2020-11-12,20.8768,15.64615,1.3206,81.6741
2020-11-11,20.875,15.56265,1.32645,81.6741
2020-11-10,20.7705,15.40475,1.31795,81.674
2020-11-09,20.6198,15.52215,1.31895,81.674
2020-11-06,20.625,15.7312,1.3131,81.674
2020-11-05,20.5235,15.9043,1.29645,81.674
2020-11-04,20.565,16.1805,1.3002,81.674
2020-11-03,20.475,16.205,1.2923,81.3531
2020-11-02,20.6,16.2295,1.2908,81.3531
2020-10-30,20.5815,16.4203,1.2907,81.3531
2020-10-29,20.525,16.37155,1.30165,81.3531
2020-10-28,20.375,16.2049,1.30425,81.3531
2020-10-27,20.2955,16.1634,1.30365,81.3499
2020-10-26,20.2939,16.2645,1.30245,81.3499
2020-10-23,20.2605,16.2365,1.30615,81.3499
2020-10-22,20.24,16.3603,1.31385,81.3499
2020-10-21,20.2275,16.4523,1.2982,81.3499
2020-10-20,20.1985,16.5449,1.2956,81.3458
2020-10-19,20.1985,16.5035,1.2935,81.3458
2020-10-16,20.163,16.6369,1.2893,81.3458
2020-10-15,20.163,16.5569,1.3013,81.3458
2020-10-14,20.118,16.4811,1.2912,81.3458
2020-10-13,20.095,16.5178,1.3054,81.3486
2020-10-12,20.095,16.49365,1.3047,81.3486
2020-10-09,20.084,16.5335,1.2952,81.3486
2020-10-08,20.093,16.6237,1.2935,81.3486
2020-10-07,20.075,16.6181,1.29,81.3486
2020-10-06,20.075,16.536,1.2984,81.4439
2020-10-05,20.071,16.4755,1.2937,81.4439
2020-10-02,20.046,16.7283,1.2867,81.4439
2020-10-01,20.05,16.6862,1.2938,81.4439
2020-09-30,20.05,16.9619,1.2842,81.4439
2020-09-29,20.05,17.0363,1.2855,81.4965
2020-09-28,19.971,17.0715,1.2774,81.4965
2020-09-25,19.964,16.9022,1.2757,81.4965
2020-09-24,19.964,17.1591,1.2706,81.4965
2020-09-23,19.957,16.8157,1.2725,81.4965
2020-09-22,19.957,16.8794,1.2762,81.7076
2020-09-21,20.0,16.2792,1.2956,81.7076
2020-09-18,19.907,16.1947,1.2969,81.7076
2020-09-17,19.907,16.3909,1.2934,81.7076
2020-09-16,19.882,16.4482,1.289,81.7076
2020-09-15,19.94,16.6071,1.2869,82.6993
2020-09-14,19.94,16.6846,1.2827,82.6993
2020-09-11,19.775,16.8137,1.2817,82.6993
2020-09-10,19.725,16.6346,1.3031,82.6993
2020-09-09,19.675,16.9042,1.2941,82.6993
2020-09-08,19.675,16.7441,1.3136,83.3209
2020-09-07,19.6115,16.666,1.3211,83.3209
2020-09-04,19.6075,16.788,1.3272,83.3209
2020-09-03,19.65,16.8701,1.3296,83.3209
2020-09-02,19.5635,16.6461,1.3375,83.3209
2020-09-01,19.5575,16.7927,1.3416,83.3994
2020-08-31,19.525,16.6166,1.3332,83.3994
2020-08-28,19.397,16.9349,1.3259,83.3994
2020-08-27,19.374,16.9212,1.3204,83.3994
2020-08-26,19.325,16.8327,1.3131,83.3994
2020-08-25,19.3,16.9266,1.31,82.9184
2020-08-24,19.014,17.1058,1.3096,82.9184
2020-08-21,19.025,17.2253,1.3254,82.9184
2020-08-20,18.875,17.2759,1.3088,82.9184
2020-08-19,18.775,17.2878,1.3256,82.9184
2020-08-18,18.68,17.5036,1.314,82.5608
2020-08-17,18.56,17.3513,1.3106,82.5608
2020-08-14,18.475,17.3938,1.3067,82.5608
2020-08-13,18.3785,17.4779,1.3063,80.4663
2020-08-12,18.3185,17.497,1.305,80.4663
2020-08-07,18.3255,17.5401,1.313,80.4663
2020-08-06,18.29,17.3538,1.3153,80.4663
2020-08-05,18.255,17.3398,1.3077,80.4663
2020-08-04,18.243,17.1504,1.3083,76.7596
2020-08-03,18.259,17.1355,1.3064,76.7596
2020-07-31,18.259,16.7822,1.3127,76.7596
2020-07-30,18.241,16.6518,1.2962,76.7596
2020-07-29,18.211,16.4796,1.2925,76.7596
2020-07-28,18.164,16.4246,1.2866,72.147
2020-07-27,18.1295,16.5731,1.2827,72.147
2020-07-24,18.149,16.6923,1.2745,72.147
2020-07-23,18.18,16.4528,1.2746,72.147
2020-07-22,18.111,16.4029,1.272,72.147
2020-07-21,18.115,16.6145,1.2686,68.8879
2020-07-20,18.255,16.70465,1.2549,68.8879
2020-07-17,18.295,16.7124,1.25555,68.8879
2020-07-16,18.189,16.6538,1.2555,68.8879
2020-07-15,18.151,16.6824,1.2588,68.8879
2020-07-14,18.09,16.8149,1.2551,65.8765
2020-07-13,18.143,16.7208,1.26595,65.8765
2020-07-10,18.133,16.9395,1.258,65.8765
2020-07-09,18.043,16.9335,1.2629,65.8765
2020-07-08,17.925,17.19295,1.25455,65.8765
2020-07-07,17.925,17.05495,1.2493,63.7442
2020-07-06,17.925,16.936,1.24975,63.7442
2020-07-03,17.975,16.98035,1.2465,63.7442
2020-07-02,18.06,17.03275,1.24895,63.7442
2020-07-01,18.1335,17.36935,1.237,63.7442
2020-06-30,18.145,17.3114,1.2289,57.3582
2020-06-29,18.225,17.293,1.2383,57.3582
2020-06-26,18.081,17.1604,1.2428,57.3582
2020-06-25,18.07,17.4246,1.2417,57.3582
2020-06-24,18.075,17.3094,1.2492,57.3582
2020-06-23,18.302,17.3372,1.2448,25.0
2020-06-22,18.213,17.4434,1.237,25.0
2020-06-18,18.225,17.2442,1.2543,25.0
2020-06-17,18.167,17.1602,1.2576,25.0
2020-06-16,18.043,17.03305,1.2669,25.0
2020-06-15,18.3185,17.3118,1.247,25.0
2020-06-12,18.265,17.12265,1.2589,25.0
2020-06-11,18.15,16.7457,1.26685,25.0
2020-06-10,18.2235,16.59425,1.277,25.0
2020-06-09,18.3285,16.71405,1.27145,25.0
2020-06-08,18.3085,16.79835,1.26985,25.0
2020-06-05,18.175,16.8355,1.265,25.0
2020-06-04,17.993,16.99965,1.25385,25.0
2020-06-03,17.925,17.0923,1.2587,25.0
2020-06-02,18.372,17.3835,1.2514,25.0
2020-06-01,18.3235,17.3515,1.24045,25.0
2020-05-29,18.2685,17.4469,1.2346,25.0
2020-05-28,17.911,17.3573,1.226,25.0
2020-05-27,17.775,17.4377,1.2319,25.0
2020-05-26,18.025,17.502,1.222,25.0
2020-05-21,18.225,18.0287,1.2191,25.0
2020-05-20,18.225,18.333,1.224,25.0
2020-05-19,18.375,18.3249,1.2227,25.0
2020-05-18,18.5085,18.5195,1.2097,25.0
2020-05-15,18.225,18.4529,1.2209,25.0
2020-05-14,17.984,18.5055,1.22055,25.0
2020-05-13,18.213,18.31955,1.22805,25.0
2020-05-12,18.5815,18.42575,1.2328,25.0
2020-05-11,18.625,18.28165,1.2415,25.0
2020-05-08,18.4585,18.5624,1.23905,25.0
2020-05-07,18.15,18.65505,1.2369,25.0
2020-05-06,18.009,18.4432,1.2423,25.0
2020-05-05,18.175,18.4232,1.2469,25.0
2020-05-04,18.642,18.9502,1.2426,25.0
2020-04-30,18.675,18.135,1.2477,25.0
2020-04-29,18.6645,18.5325,1.2476,25.0
2020-04-28,18.6765,18.809,1.2422,25.0
2020-04-27,18.6085,18.8243,1.2452,25.0
2020-04-24,18.5085,19.1523,1.2331,25.0
2020-04-23,18.3465,18.9112,1.2368,25.0
2020-04-22,18.475,18.9986,1.22905,25.0
2020-04-21,18.5105,18.87575,1.24115,25.0
2020-04-20,18.5645,18.8981,1.2459,25.0
2020-04-17,18.6785,18.65815,1.24935,25.0
2020-04-16,18.4725,18.61815,1.2487,25.0
2020-04-15,18.3495,18.3641,1.259,25.0
2020-04-14,18.3495,18.0189,1.2558,25.0
2020-04-09,18.799,18.2511,1.2367,25.0
2020-04-08,18.975,18.3156,1.23265,25.0
2020-04-07,18.9545,18.5825,1.22825,25.0
2020-04-06,18.605,19.12365,1.22605,25.0
2020-04-03,18.3495,18.69835,1.23325,25.0
2020-04-02,18.225,18.1426,1.24035,25.0
2020-04-01,18.225,17.9353,1.2383,25.0
2020-03-31,17.958,17.98955,1.2345,25.0
2020-03-30,17.9,17.9041,1.2405,
2020-03-27,17.89,17.43265,1.2226,25.0
2020-03-26,17.7005,17.3766,1.1847,26.1186
2020-03-25,17.5275,17.5322,1.1834,25.8819
2020-03-24,17.4005,17.6605,1.1623,25.5344
2020-03-23,17.225,17.6953,1.1714,25.2153
2020-03-20,16.95,17.3235,1.1675,24.9052
2020-03-18,16.475,16.6646,1.21065,23.4943
2020-03-17,16.282,16.5255,1.2252,18.4592
2020-03-16,15.95,16.4362,1.2341,18.4283
2020-03-13,15.85,16.421,1.2548,18.3986
2020-03-12,15.725,16.39765,1.28145,18.3651
2020-03-11,15.625,15.9849,1.2932,18.2622
2020-03-10,15.35,15.8431,1.3051,18.2226
2020-03-09,15.2535,16.2086,1.3056,18.1885
2020-03-06,15.225,15.72415,1.29535,18.1525
2020-03-05,15.35,15.2866,1.28725,18.115
2020-03-04,15.36,15.36995,1.28165,18.0735
2020-03-03,15.275,15.4495,1.27805,18.0383
2020-03-02,15.2285,15.63785,1.28295,17.9976
2020-02-28,14.975,15.6115,1.28825,17.9594
2020-02-27,14.825,15.30195,1.2931,17.9365
2020-02-26,14.75,15.22865,1.29925,17.8953
2020-02-25,14.725,15.1329,1.29295,17.8725
2020-02-24,14.5825,15.0812,1.2942,17.8523
2020-02-20,14.656,15.0581,1.2913,17.8105
2020-02-19,14.6695,14.9894,1.3001,17.77
2020-02-18,14.71,15.0235,1.2998,17.7474
2020-02-17,14.6795,14.8574,1.3045,17.7449
2020-02-14,14.675,14.9345,1.3044,17.7095
2020-02-13,14.6545,14.9523,1.2949,17.6769
2020-02-12,14.618,14.7882,1.2965,17.6379
2020-02-11,14.7195,14.9521,1.2916,17.5806
2020-02-10,14.6745,14.9928,1.2904,17.5434
2020-02-07,14.645,14.9166,1.294,17.5023
2020-02-06,14.625,14.7244,1.2984,17.4751
2020-02-05,14.525,14.8277,1.3018,17.4454
2020-02-04,14.5805,14.8255,1.3021,17.4173
2020-02-03,14.745,14.9988,1.3164,17.3868
2020-01-31,14.8075,14.7701,1.3098,17.3531
2020-01-30,14.735,14.6499,1.3015,17.3412
2020-01-29,14.625,14.5518,1.3021,17.3114
2020-01-28,14.555,14.5844,1.3057,17.2892
2020-01-27,14.485,14.4496,1.3059,17.2672
2020-01-24,14.531,14.3695,1.3123,17.2448
2020-01-23,14.5795,14.355,1.3122,17.2204
2020-01-22,14.625,14.4598,1.3055,17.195
2020-01-21,14.625,14.5281,1.3017,17.1729
2020-01-20,14.65,14.4551,1.2995,17.141
2020-01-17,14.525,14.3953,1.3075,17.1295
2020-01-16,14.525,14.3966,1.3038,17.1001
2020-01-15,14.4,14.3577,1.3032,17.0662
2020-01-14,14.225,14.38715,1.29935,17.032
2020-01-13,14.0555,14.3196,1.3033,17.0056
2020-01-10,13.925,14.2074,1.3081,16.9729
2020-01-09,14.15,14.1646,1.3119,16.9463
2020-01-08,14.147,14.3667,1.3121,16.9168
2020-01-07,14.1585,14.1892,1.3158,16.889
2020-01-06,14.225,14.3556,1.3079,16.859
2020-01-03,14.225,14.1806,1.3108,16.8329
2020-01-02,14.085,14.0094,1.3222,16.8038
2019-12-31,14.025,14.1126,1.3116,16.7734
2019-12-30,13.875,13.9999,1.3121,16.7394
2019-12-27,13.79,14.1231,1.2998,16.7046
2019-12-24,13.5065,14.2319,1.2942,16.688
2019-12-20,14.3315,14.2421,1.3018,16.6531
2019-12-19,14.4775,14.3194,1.3084,16.6199
2019-12-18,14.527,14.406,1.311,16.6023
2019-12-17,14.475,14.3568,1.3295,16.585
2019-12-16,14.505,14.5235,1.3387,16.5714
2019-12-13,14.445,14.4728,1.3475,16.5438
2019-12-12,14.525,14.6759,1.3215,16.5101
2019-12-11,14.425,14.8108,1.3143,16.4811
2019-12-10,15.275,14.6727,1.3154,16.4485
2019-12-09,15.3875,14.6214,1.3145,16.4171
2019-12-06,15.135,14.6408,1.3158,16.388
2019-12-05,14.675,14.5875,1.3114,16.3623
2019-12-04,14.595,14.6331,1.2993,16.3319
2019-12-03,14.66,14.5603,1.2942,16.3181
2019-11-28,14.65,14.7624,1.2937,16.2249
2019-11-27,14.595,14.8265,1.2853,16.176
2019-11-26,14.505,14.7591,1.2893,16.16
2019-11-25,14.375,14.6769,1.2847,16.1381
2019-11-22,14.2175,14.6856,1.2922,16.1073
2019-11-21,14.1,14.7584,1.2929,16.0778
2019-11-20,14.025,14.7733,1.2908,16.0505
2019-11-19,13.975,14.8058,1.296,16.0202
2019-11-18,13.925,14.6999,1.2925,15.9788
2019-11-15,14.05,14.7944,1.2877,15.9631
2019-11-14,14.025,14.9333,1.2838,15.9344
2019-11-13,13.885,14.9266,1.2849,15.9037
2019-11-12,13.77,14.8746,1.2865,15.8742
2019-11-11,13.675,14.8984,1.2798,15.8527
2019-11-08,13.65,14.7476,1.2813,15.8573
2019-11-07,13.475,14.8323,1.2847,15.8396
2019-11-06,13.475,14.7557,1.2879,
2019-11-05,13.345,14.7749,1.2881,
2019-11-04,13.315,14.836,1.2935,
2019-11-01,13.31,15.0726,1.2958,
2019-10-31,13.29,14.9798,1.292,15.67395
2019-10-30,13.26,14.6333,1.2871,15.64675
2019-10-29,13.225,14.5588,1.2854,
2019-10-28,13.215,14.6147,1.2821,
2019-10-24,13.225,14.655,1.2924,
2019-10-23,13.2225,14.6211,1.2879,
2019-10-22,13.2325,14.7234,1.2966,
2019-10-21,13.215,14.77,1.2898,
2019-10-18,13.215,14.8314,1.2848,
2019-10-17,13.21,14.9181,1.2802,15.3914
2019-10-16,13.215,14.9254,1.2747,15.3743
2019-10-15,13.175,14.7975,1.263,15.3525
2019-10-14,13.175,14.7377,1.2605,15.3376
2019-10-11,13.175,15.0326,1.2453,15.3076
2019-10-10,13.145,15.133,1.2229,15.3037
2019-10-09,13.145,15.2639,1.2211,15.2902
2019-10-08,13.103,15.1507,1.23,15.2789
2019-10-07,13.125,15.076,1.2324,15.2701
2019-10-04,13.125,15.1313,1.2342,15.2611
2019-10-03,13.115,15.2453,1.2291,15.2566
2019-10-02,13.035,15.332,1.2277,15.2455
2019-10-01,13.1,15.1647,1.2292,15.2913
2019-09-30,13.21,15.1469,1.23,15.1979
2019-09-27,13.2125,15.0325,1.2334,15.1653
2019-09-26,13.175,14.9832,1.2364,15.0955
2019-09-25,13.075,14.9097,1.2466,14.914
2019-09-24,13.09,14.8888,1.243,14.8202
2019-09-23,13.15,14.8978,1.2477,14.9146
2019-09-20,13.21,14.757,1.2556,14.43295
2019-09-19,13.2125,14.7267,1.2476,14.12555
2019-09-18,13.22,14.6998,1.2483,13.8555
2019-09-17,13.155,14.6901,1.2419,13.5192
2019-09-16,13.205,14.6323,1.2467,13.1866
2019-09-13,13.115,14.5903,1.2348,12.88775
2019-09-12,13.125,14.6589,1.233,12.4063
2019-09-11,13.125,14.6143,1.2364,11.9931
2019-09-10,13.175,14.76555,1.23405,11.6035
2019-09-09,13.175,14.78265,1.2269,11.2659
2019-09-06,13.13,14.87285,1.23285,11.1722
2019-09-05,13.11,14.75255,1.22415,11.1115
2019-09-04,13.11,15.0765,1.2107,11.0191
2019-09-03,13.105,15.2465,1.2011,10.9647
2019-09-02,13.105,15.18725,1.21615,10.8366
2019-08-30,13.085,15.3232,1.219,10.7139
2019-08-29,13.095,15.4085,1.221,10.6158
2019-08-28,13.125,15.32175,1.22815,10.5189
2019-08-27,13.1125,15.29715,1.22165,10.3999
2019-08-26,13.11,15.3557,1.2269,10.3557
2019-08-23,13.11,15.2117,1.2228,10.2825
2019-08-22,13.125,15.2457,1.2127,10.2447
2019-08-21,13.125,15.3169,1.2149,10.1778
2019-08-20,13.085,15.4305,1.2121,10.1292
2019-08-19,13.0375,15.2413,1.2168,10.0873
2019-08-16,13.035,15.219,1.21115,10.0466
2019-08-09,13.025,15.02245,1.21395,9.7955
2019-08-08,13.005,14.99075,1.21615,9.7171
2019-08-06,12.925,14.82615,1.21535,9.5196
2019-08-05,12.895,14.8846,1.2135,9.4026
2019-08-02,12.88,14.6379,1.21025,9.2826
2019-08-01,12.96,14.3682,1.21285,9.228
2019-07-31,12.885,14.1844,1.2162,9.1856
2019-07-30,12.88,14.18025,1.2129,9.0938
2019-07-29,12.905,14.31495,1.23655,8.9931
2019-07-26,12.89,14.10005,1.2448,8.9003
2019-07-25,12.92,13.8815,1.24815,8.8963
2019-07-24,13.01,13.9147,1.24425,8.9081
2019-07-23,12.83,13.92145,1.24565,8.8961
2019-07-22,12.8,13.93505,1.25025,8.8805
2019-07-19,12.67,13.8596,1.253,8.8633
2019-07-18,12.585,14.00445,1.24395,8.8538
2019-07-17,12.505,13.97895,1.2419,8.8392
2019-07-16,12.495,13.8949,1.25125,8.8205
2019-07-15,12.5,13.94695,1.25695,8.7709
2019-07-12,12.535,13.92795,1.25455,8.7462
2019-07-11,12.525,13.92885,1.2531,8.712
2019-07-10,12.655,14.19105,1.2458,8.6747
2019-07-09,12.625,14.2039,1.25105,8.6176
2019-07-08,12.825,14.20025,1.2529,8.684
2019-07-05,12.825,14.05565,1.25815,8.6868
2019-07-04,12.875,14.056,1.258,8.5857
2019-07-03,12.865,14.1218,1.2587,8.3927
2019-07-02,12.835,14.12945,1.26355,7.8015
2019-07-01,12.865,14.0723,1.2684,7.2466
2019-06-28,12.925,14.1697,1.2671,6.622
2019-06-27,12.975,14.2398,1.2682,6.5432
2019-06-26,12.975,14.34335,1.26675,6.3698
2019-06-25,12.945,14.36415,1.27455,6.3107
2019-06-24,12.945,14.3001,1.27505,6.3237
2019-06-21,12.815,14.32485,1.2704,6.2867
2019-06-20,12.8,14.30045,1.2689,6.1796
2019-06-19,12.975,14.5677,1.25555,6.1452
2019-06-18,13.125,14.7957,1.2537,6.1222
2019-06-17,13.095,14.79775,1.2595,6.0816
2019-06-14,13.125,14.86685,1.26755,6.001
2019-06-13,13.145,14.9149,1.26915,5.9136
2019-06-12,13.285,14.6736,1.27215,5.8851
2019-06-11,13.235,14.79135,1.26795,5.8614
2019-06-10,13.325,14.95675,1.27035,5.8001
2019-06-07,13.225,15.062,1.26945,5.7386
2019-06-06,13.175,14.87375,1.26895,5.6496
2019-06-05,13.055,14.63,1.2714,5.5926
2019-06-04,13.05,14.4481,1.26725,5.5135
2019-06-03,13.21,14.5574,1.2641,5.4179
2019-05-31,13.425,14.8284,1.26135,5.2635
2019-05-30,13.385,14.645,1.26335,5.2277
2019-05-29,13.535,14.7162,1.26625,5.1697
2019-05-28,13.475,14.4427,1.2681,5.0748
2019-05-27,13.0855,14.4054,1.27415,4.9516
2019-05-24,12.975,14.47705,1.26645,4.7624
2019-05-23,13.665,14.395,1.2639,4.689
2019-05-22,13.693,14.4226,1.27075,4.5497
2019-05-21,13.925,14.404,1.27225,3.4962
2019-05-20,14.1,14.4071,1.27365,3.4832
2019-05-17,13.585,14.3249,1.2793,3.4528
2019-05-16,13.405,14.2432,1.28445,3.4413
2019-05-15,13.375,14.23565,1.2914,3.3884
2019-05-14,13.325,14.25075,1.29545,3.371
2019-05-13,12.855,14.21485,1.30095,3.3393
2019-05-10,12.855,14.33605,1.30045,3.3316
2019-05-09,12.855,14.4039,1.30175,3.3098
2019-05-08,12.885,14.40485,1.30715,3.303
2019-05-07,12.895,14.4467,1.3122,3.2973
2019-05-06,12.915,14.45725,1.3125,3.2938
2019-05-03,12.955,14.5286,1.3032,3.2871
2019-05-02,12.725,14.42745,1.30505,3.2645
2019-04-30,12.725,14.3368,1.2942,3.2614
2019-04-29,12.645,14.3652,1.2936,3.2542
2019-04-26,12.515,14.38565,1.2902,3.2401
2019-04-25,12.365,14.4078,1.29075,3.2339
2019-04-24,12.315,14.325,1.29375,3.2285
2019-04-23,12.325,14.1738,1.29795,3.2173
2019-04-17,12.255,13.95555,1.30665,3.197
2019-04-16,12.375,14.075,1.30925,3.1878
2019-04-15,12.315,13.9657,1.30925,3.1676
2019-04-12,12.09,13.9911,1.30625,3.1579
2019-04-11,12.11,13.9129,1.30975,3.1422
2019-04-10,12.05,14.075,1.30675,3.1383
2019-04-09,12.055,14.13245,1.30845,3.1277
2019-04-08,12.075,14.1701,1.30615,3.1163
2019-04-04,12.125,14.15055,1.3177,3.0628
2019-04-03,12.145,14.13975,1.31405,3.0396
2019-04-02,12.135,14.1957,1.30775,3.0289
2019-04-01,12.15,14.3113,1.30535,3.0231
2019-03-29,12.175,14.59495,1.3069,3.012
2019-03-28,12.045,14.6334,1.3195,3.0013
2019-03-27,12.055,14.45195,1.31845,2.9827
2019-03-26,12.035,14.331,1.31815,2.9679
2019-03-25,12.025,14.5138,1.31975,2.9557
2019-03-22,12.015,14.22045,1.31415,2.9399
2019-03-21,12.015,14.21,1.32115,2.9039
2019-03-20,12.005,14.50405,1.32555,2.8554
2019-03-19,11.955,14.4176,1.32715,2.7704
2019-03-18,12.0,14.43275,1.32765,2.759
2019-03-15,11.975,14.495,1.32415,2.7532
2019-03-14,11.975,14.46255,1.3247,2.7101
2019-03-13,11.975,14.3871,1.3094,2.6481
2019-03-12,11.995,14.3137,1.3199,2.6003
2019-03-11,11.975,14.41675,1.29835,2.5373
2019-03-08,111.035,,14.54305,
2019-03-07,111.745,,14.25355,
2019-03-06,111.815,,14.21495,
2019-03-05,111.945,,14.2024,
2019-03-04,111.97,,14.16465,
2019-03-01,111.735,,14.07425,
2019-02-28,110.8,,13.9614,
2019-02-27,110.495,,13.8467,
2019-02-26,110.825,,13.8515,
2019-02-22,11.95,13.9641,1.30455,
2019-02-20,11.935,14.045,1.30555,
2019-02-19,11.895,14.14305,1.29035,
2019-02-18,11.855,14.0626,1.2907,
2019-02-15,11.965,14.1556,1.27965,
2019-02-14,11.965,14.055,1.28685,
2019-02-13,11.835,13.71575,1.29075,
2019-02-12,11.825,13.7859,1.28635,
2019-02-11,11.825,13.614,1.29285,
2019-02-08,11.895,13.65035,1.29485,
2019-02-07,12.0,13.56135,1.2932,
2019-02-06,11.89,13.4036,1.29575,
2019-02-05,11.905,13.39925,1.30375,
2019-02-04,11.915,13.3793,1.30725,
2019-02-01,11.945,13.29575,1.30975,
2019-01-31,11.955,13.335,1.3127,
2019-01-28,11.925,13.60365,1.31935,
2019-01-25,11.955,13.6818,1.3133,
2019-01-24,11.945,13.8362,1.3074,
2019-01-22,11.915,13.8838,1.2875,
2019-01-14,11.925,13.9052,1.2852,
2019-01-11,11.925,13.81615,1.27565,
2019-01-10,11.885,13.8282,1.27845,
2019-01-09,11.965,13.9197,1.27425,
2019-01-08,11.965,13.9395,1.27635,
2019-01-07,11.975,13.95565,1.27445,
2019-01-04,11.955,14.29755,1.26395,
2019-01-03,11.915,14.54305,1.25475,
2019-01-02,11.935,14.39375,1.27585,
2018-12-28,11.975,14.5001,1.2664,
2018-12-27,11.935,14.5149,1.2653,
2018-12-24,11.905,14.5559,1.26685,
2018-12-21,11.945,14.35095,1.2653,
2018-12-20,11.945,14.3593,1.26405,
2018-12-19,11.995,14.3129,1.26545,
2018-12-18,11.955,14.3801,1.2624,
2018-12-17,12.025,14.3715,1.25815,
2018-12-14,12.05,14.2388,1.2628,
2018-12-13,11.925,14.1186,1.2617,
2018-12-12,11.895,14.2806,1.2513,
2018-12-11,11.865,14.355,1.2575,
2018-12-10,11.845,14.1349,1.2748,
2018-12-07,11.825,14.0253,1.27635,
2018-12-04,11.885,13.63135,1.27385,
2018-12-03,11.915,13.73485,1.27715,
2018-11-30,11.995,13.6632,1.2783,
2018-11-29,11.875,13.75655,1.28415,
2018-11-28,11.875,13.915,1.27465,
2018-11-27,11.88,13.8881,1.28165,
2018-11-26,11.875,13.82485,1.28185,
2018-11-23,11.865,13.777,1.28745,
2018-11-22,11.895,13.9363,1.27855,
2018-11-21,11.875,14.0834,1.2795,
2018-11-20,11.85,14.0718,1.28585,
2018-11-19,11.855,14.0664,1.28225,
2018-11-16,11.895,14.17845,1.27935,
2018-11-15,11.925,14.315,1.30095,
2018-11-14,11.975,14.43615,1.2988,
2018-11-13,11.9,14.4074,1.2874,
2018-11-12,11.825,14.33125,1.2898,
2018-11-09,11.758,14.17,1.3049,
2018-11-08,11.757,13.9305,1.31305,
2018-11-07,11.677,14.0897,1.31245,
2018-11-06,11.625,14.1886,1.30515,
2018-11-05,11.845,14.3537,1.29915,
2018-11-02,11.875,14.3285,1.3008,
2018-11-01,112.89,,14.7249,
2018-10-31,113.325,,14.6586,
2018-10-30,112.675,,14.6472,
2018-10-29,111.98,,14.6146,
2018-10-26,11.6605,14.62,1.28205,
2018-10-25,11.675,14.5955,1.28865,
2018-10-24,11.675,14.2767,1.2981,
2018-10-23,11.775,14.35,1.29675,
2018-10-22,11.775,14.3671,1.30695,
2018-10-19,11.925,14.3749,1.3024,
2018-10-18,11.925,14.2823,1.30885,
2018-10-18,12.075,14.1973,1.31765,
2018-10-16,12.245,14.3833,1.3146,
2018-10-15,12.225,14.5402,1.31135,
2018-10-12,12.275,14.5693,1.32325,
2018-10-11,12.225,14.7445,1.3221,
2018-10-10,12.475,14.5405,1.3172,
2018-10-09,12.25,14.8474,1.3099,
2018-10-08,11.775,14.7962,1.3108,
2018-10-05,11.425,14.86,1.30065,
2018-10-04,11.525,14.68,1.2944,
2018-10-03,11.975,14.37,1.30015,
2018-10-02,12.605,14.2959,1.30205,
2018-08-31,10.225,14.72,1.30215,
2018-08-30,10.145,14.4588,1.30165,
2018-08-29,10.2285,14.27,1.28555,
2018-08-28,10.275,14.21,1.2872,
2018-08-27,10.175,14.2833,1.2853,
2018-08-17,10.195,14.6819,1.2724,
2018-08-02,9.9451,13.26,1.31025,
2018-07-20,9.875,13.5106,1.30295,
2018-07-19,9.955,13.2839,1.307,
2018-07-18,113.025,,13.32475,
2018-07-17,112.41,,13.2155,
2018-07-16,112.425,,13.2644,
2018-07-13,112.565,,13.2667,
2018-07-12,112.285,,13.5377,
2018-07-11,111.065,,13.4228,
2018-07-10,9.725,13.3931,1.3234,
2018-07-09,9.75,13.4249,1.33065,
2018-07-06,9.775,13.5376,1.32205,
2018-07-05,9.9,13.72645,1.32285,
2018-07-04,9.955,13.6442,1.3202,
2018-07-03,10.025,13.88725,1.31425,
2018-07-02,9.989,13.7474,1.31725,
2018-06-29,9.985,13.71355,1.31155,
2018-06-28,9.975,13.8709,1.3085,
2018-06-27,9.915,13.5598,1.3215,
2018-06-26,9.855,13.51915,1.32875,
2018-06-25,10.07,13.4672,1.3253,
2018-06-22,10.075,13.55465,1.32755,
2018-06-21,10.0735,13.7156,1.3144,
2018-06-20,9.9555,13.6581,1.31655,
2018-06-19,9.955,13.83755,1.32575,
2018-06-18,9.925,13.43335,1.32715,
2018-06-15,9.955,13.445,1.3232,
2018-06-14,10.062,13.2698,1.3389,
2018-06-13,10.115,13.3384,1.33705,
2018-06-12,10.1765,13.16595,1.33665,
2018-06-11,10.155,13.07015,1.34085,
2018-06-08,10.105,13.015,1.342,
2018-06-07,10.155,12.6847,1.34395,
2018-06-06,10.075,12.73425,1.34075,
2018-06-05,10.225,12.58045,1.33155,
2018-06-04,10.325,12.6462,1.33695,
2018-06-01,10.325,12.701,1.3265,
2018-05-31,10.275,12.5142,1.3315,
2018-05-30,10.295,12.6772,1.3251,
2018-05-29,10.37,12.46015,1.33185,
2018-05-28,10.395,12.4543,1.33365,
2018-05-24,10.275,12.4683,1.33725,
2018-05-23,10.225,12.6392,1.34125,
2018-05-22,10.18,12.63675,1.3425,
2018-05-21,10.16,12.78085,1.34335,
2018-05-18,10.1805,12.5806,1.3511,
2018-05-17,10.045,12.4385,1.3543,
2018-05-16,9.975,12.55535,1.35055,
2018-05-15,9.94305,12.3739,1.35465,
2018-05-14,9.865,12.2711,1.3559,
2018-05-11,109.515,,12.3191,
2018-05-10,109.82,,12.5571,
2018-05-09,9.925,12.60545,1.35285,
2018-05-08,10.0365,12.56085,1.35515,
2018-05-07,10.085,12.5407,1.3544,
2018-05-04,9.975,12.5939,1.35795,
2018-05-03,9.94005,12.652,1.36055,
2018-05-02,9.925,12.659,1.36015,
2018-04-30,9.77685,12.3036,1.37845,
2018-04-27,9.7285,12.39695,1.39205,
2018-04-25,9.535,12.3677,1.39655,
2018-04-24,9.5467,12.3219,1.3946,
2018-04-23,9.48095,12.0883,1.402,
2018-04-20,9.475,11.97345,1.40755,
2018-04-19,9.515,11.92405,1.42025,
2018-04-17,9.575,12.04685,1.43415,
2018-04-16,9.555,12.07325,1.42535,
2018-04-12,9.485,11.96375,1.41795,
2018-04-11,9.4757,12.03455,1.41865,
2018-04-10,9.42855,12.0459,1.41295,
2018-04-09,9.385,11.97555,1.4097,
2018-04-06,9.385,12.00115,1.39965,
2018-04-05,9.325,11.884,1.40725,
2018-04-04,9.476,11.8229,1.40795,
2018-04-03,9.476,11.8342,1.40655,
2018-03-29,9.5055,11.7552,1.4086,
2018-03-28,9.60945,11.64925,1.41965,
2018-03-27,9.455,11.6475,1.42285,
2018-03-23,9.55,11.8553,1.41125,
2018-03-22,9.545,11.8499,1.41575,
2018-03-21,9.535,11.9458,1.4013,
2018-03-20,9.5055,12.02515,1.40285,
2018-03-19,9.525,12.0144,1.3917,
2018-03-16,9.575,11.8915,1.39335,
2018-03-15,9.605,11.7813,1.39795,
2018-03-14,9.679,11.7829,1.39865,
2018-03-13,9.675,11.82885,1.3892,
2018-03-12,9.675,11.81875,1.38585,
2018-03-09,9.675,11.90825,1.38065,
2018-03-08,9.65,11.84035,1.39015,
2018-03-07,9.745,11.82865,1.38915,
2018-03-06,9.7529,11.84275,1.384,
2018-03-05,9.745,11.98445,1.37965,
2018-03-02,9.755,11.8637,1.37825,
2018-03-01,9.755,11.807,1.37535,
2018-02-28,9.765,11.7297,1.3898,
2018-02-27,9.725,11.5726,1.39635,
2018-02-26,9.765,11.5254,1.4019,
2018-02-23,9.825,11.687,1.39445,
2018-02-22,9.80185,11.67625,1.39085,
2018-02-20,9.875,11.68955,1.39785,
2018-02-19,9.875,11.64955,1.403,
2018-02-16,9.77685,11.5741,1.41375,
2018-02-15,9.77685,11.7411,1.40105,
2018-02-14,9.77785,11.93215,1.39005,
2018-02-13,9.73,11.9344,1.38545,
2018-02-12,9.725,11.96875,1.3862,
2018-02-09,9.825,12.1243,1.39355,
2018-02-08,9.7871,12.06145,1.38995,
2018-02-06,9.725,12.1526,1.39565,
2018-02-05,9.845,12.04175,1.4121,
2018-02-02,9.825,11.9047,1.42615,
2018-02-01,9.76685,11.8775,1.41935,
2018-01-31,9.735,11.9525,1.41785,
2018-01-30,9.68,12.0119,1.4041,
2018-01-29,9.705,11.8807,1.41325,
2018-01-26,9.7274,11.9026,1.41725,
2018-01-25,9.74,11.8851,1.4289,
2018-01-24,9.7404,12.03875,1.4026,
2018-01-23,9.775,12.07835,1.39775,
2018-01-22,9.7997,12.10195,1.38645,
2018-01-19,9.825,12.1131,1.39125,
2018-01-18,9.7997,12.3011,1.3831,
2018-01-17,9.7997,12.2948,1.37755,
2018-01-16,9.825,12.3078,1.37885,
2018-01-15,9.875,12.3481,1.3748,
2018-01-12,9.7856,12.3833,1.35455,
2018-01-11,9.825,12.4212,1.34975,
2018-01-10,9.875,12.355,1.3528,
2018-01-09,10.045,12.385,1.35715,
2018-01-08,9.99,12.3471,1.3555,
2018-01-05,10.125,12.2998,1.357,
2018-01-04,10.075,12.405,1.35165,
2018-01-03,10.075,12.477,1.36025,
2018-01-02,10.008,12.36835,1.3515,
2017-12-29,10.0035,12.4048,1.3456,
2017-12-28,9.935,12.2627,1.34285,
2017-12-27,9.7582,12.4954,1.33775,
2017-12-21,9.87455,12.7552,1.33625,
2017-12-20,9.87305,12.7745,1.33915,
2017-12-19,9.8686,12.7512,1.33835,
2017-12-18,9.975,13.083,1.33335,
2017-12-15,9.7991,13.4975,1.34385,
2017-12-14,10.0635,13.46415,1.3439,
2017-12-12,10.17,13.6367,1.33435,
2017-12-11,10.225,13.6463,1.33925,
2017-12-08,10.3775,13.7388,1.349,
2017-12-07,10.3775,13.5311,1.3376,
2017-12-06,10.345,13.4763,1.34325,
2017-12-05,10.275,13.5138,1.34695,
2017-12-04,10.1525,13.7736,1.34655,
2017-12-01,10.1525,13.73,1.353,
2017-11-30,10.123,13.6625,1.347,
2017-11-29,10.122,13.6877,1.33675,
2017-11-28,10.1305,13.76815,1.3338,
2017-11-27,10.131,14.10065,1.33185,
2017-11-24,10.125,13.901,1.32925,
2017-11-23,10.11,13.84425,1.33235,
2017-11-22,10.0925,13.9895,1.32535,
2017-11-21,10.045,14.03885,1.32485,
2017-11-20,10.0575,14.0355,1.32015,
2017-11-17,10.025,14.1483,1.32325,
2017-11-16,10.025,14.3968,1.31695,
2017-11-15,10.035,14.39,1.31385,
2017-11-14,9.925,14.4966,1.31175,
2017-11-13,9.925,14.405,1.31315,
2017-11-10,9.91905,14.259,1.314,
2017-11-09,9.925,14.18,1.3132,
2017-11-08,10.0255,14.2303,1.31685,
2017-11-07,10.0605,14.1198,1.3167,
2017-11-03,10.065,13.9976,1.307,
2017-11-02,10.05,13.9614,1.3279,
2017-11-01,10.05,14.1609,1.32725,
2017-10-31,10.025,14.0603,1.32085,
2017-10-30,10.025,14.113,1.31445,
2017-10-27,10.025,14.25,1.3122,
2017-10-26,9.8716,14.0895,1.32695,
2017-10-25,9.8775,13.75475,1.31355,
2017-10-24,9.8911,13.7083,1.32165,
2017-10-23,9.7429,13.65545,1.3202,
2017-10-20,9.775,13.59365,1.3103,
2017-10-19,9.775,13.5664,1.32135,
2017-10-18,9.709,13.4118,1.3181,
2017-10-17,9.705,13.3397,1.32575,
2017-10-16,9.66,13.3106,1.32835,
2017-10-13,9.675,13.4345,1.32775,
2017-10-12,9.65195,13.50525,1.326,
2017-10-11,9.645,13.66905,1.31965,
2017-10-06,9.6474,13.67485,1.30805,
2017-10-05,9.67765,13.59695,1.32475,
2017-10-04,9.69865,13.6088,1.3262,
2017-10-03,9.725,13.6311,1.3253,
2017-10-02,9.685,13.59255,1.3362,
2017-09-01,9.085,12.9957,1.29175,
2017-08-31,9.15,13.01525,1.292,
2017-08-30,9.055,12.98885,1.293,
2017-08-29,9.04,13.103,1.29425,
2017-08-28,9.04,13.0581,1.28755,
2017-08-25,9.0301,13.1926,1.28105,
2017-08-24,9.03415,13.1643,1.27895,
2017-08-23,9.005,13.2329,1.28245,
2017-08-22,9.04065,13.15435,1.2878,
2017-08-21,9.01,13.1818,1.28755,
2017-08-18,8.965,13.25385,1.28945,
2017-08-17,8.985,13.17335,1.2899,
2017-08-16,8.955,13.31655,1.28655,
2017-08-11,8.92425,13.4625,1.29885,
2017-08-10,8.925,13.4443,1.2973,
2017-08-09,8.945,13.4118,1.29845,
2017-08-08,9.10585,13.2163,1.30455,
2017-08-07,9.11405,13.4001,1.30545,
2017-08-04,9.125,13.3799,1.314,
2017-08-03,9.065,13.2513,1.32255,
2017-08-02,8.975,13.255,1.321,
2017-08-01,8.876,13.21155,1.3209,
2017-07-31,8.9,12.9986,1.31265,
2017-07-28,8.8626,13.00165,1.30815,
2017-07-27,8.8611,12.8986,1.3142,
2017-07-26,8.84375,13.0853,1.3017,
2017-07-25,8.8418,12.94,1.3027,
2017-07-24,8.825,12.8899,1.3016,
2017-07-21,8.775,13.0361,1.29785,
2017-07-20,8.875,12.9557,1.3024,
2017-07-19,8.855,12.91365,1.30365,
2017-07-18,8.857,12.90125,1.30985,
2017-07-17,8.87845,13.04195,1.30915,
2017-07-14,8.8785,13.19495,1.29575,
2017-07-13,8.93265,13.2445,1.28975,
2017-07-12,9.0459,13.525,1.2855,
2017-07-11,9.1048,13.47155,1.287,
2017-07-10,9.1192,13.3533,1.29035,
2017-07-07,9.1143,13.435,1.2957,
2017-07-06,9.04845,13.37945,1.2945,
2017-07-05,9.145,13.1777,1.2923,
2017-07-04,9.145,13.215,1.2943,
2017-07-03,9.1834,13.0673,1.29945,
2017-06-30,9.19585,13.01495,1.3013,
2017-06-29,9.325,12.92415,1.29555,
2017-06-28,9.30175,12.9933,1.2814,
2017-06-27,9.28415,12.8608,1.273,
2017-06-26,9.28415,12.9096,1.2743,
2017-06-23,9.295,12.9857,1.2703,
2017-06-22,9.235,13.0486,1.26725,
2017-06-21,9.225,13.0819,1.2632,
2017-06-20,9.20555,12.9745,1.2743,
2017-06-19,9.2097,12.8152,1.27695,
2017-06-16,9.2088,12.91055,1.27725,
2017-06-15,9.2088,12.66125,1.27455,
2017-06-14,9.22,12.75905,1.2748,
2017-06-13,9.19585,12.81085,1.26525,
2017-06-09,9.2506,12.905,1.2748,
2017-06-08,9.29725,12.81755,1.2953,
2017-06-07,9.31,12.84455,1.29015,
2017-06-06,9.355,12.7057,1.2927,
2017-06-05,9.3357,12.84385,1.28685,
2017-06-02,9.3017,12.8874,1.28755,
2017-06-01,9.2347,13.1144,1.28665,
2017-05-30,9.205,13.0027,1.28085,
2017-05-29,9.33465,12.86315,1.2828,
2017-05-26,9.33465,12.9376,1.288,
2017-05-24,9.33635,13.1407,1.29775,
2017-05-23,9.33205,13.24835,1.2989,
2017-05-22,9.3367,13.2322,1.29965,
2017-05-19,9.32115,13.3788,1.29535,
2017-05-18,9.20075,13.2838,1.29705,
2017-05-16,9.225,13.172,1.2916,
2017-05-15,9.225,13.34885,1.2909,
2017-05-12,9.2,13.3648,1.2886,
2017-05-11,9.195,13.5175,1.29325,
2017-05-10,9.2672,13.5615,1.29545,
2017-05-09,9.2672,13.665,1.2951,
2017-05-08,9.2732,13.47045,1.29645,
2017-05-05,9.265,13.693,1.2922,
2017-05-04,9.31,13.44265,1.2876,
2017-05-03,9.3649,13.3273,1.29045,
2017-05-02,9.325,13.35245,1.29,
2017-04-28,9.36915,13.3461,1.2908,
2017-04-27,9.345,13.19425,1.2869,
2017-04-26,9.325,13.07985,1.28305,
2017-04-25,9.275,13.0261,1.27945,
2017-04-24,9.4,12.9988,1.2791,
2017-04-21,9.325,13.16335,1.2801,
2017-04-20,9.3757,13.28185,1.2804,
2017-04-19,9.4299,13.31395,1.28305,
2017-04-13,9.475,13.4443,1.25545,
2017-04-12,9.45,13.785,1.24825,
2017-04-11,9.465,13.89605,1.2416,
2017-04-10,9.55,13.8135,1.2389,
2017-04-07,9.425,13.78,1.2467,
2017-04-06,9.495,13.84395,1.24895,
2017-04-05,9.565,13.6362,1.2448,
2017-04-03,9.67,13.4109,1.25475,
2017-03-31,9.66,13.545,1.24865,
2017-03-30,9.575,13.035,1.2441,
2017-03-29,9.495,13.06,1.23995,
2017-03-28,9.55,12.80765,1.25715,
2017-03-27,9.525,12.37675,1.25315,
2017-03-24,9.55375,12.4949,1.24805,
2017-03-23,9.55375,12.5571,1.24885,
2017-03-22,9.55025,12.69735,1.248,
2017-03-21,9.55025,12.65925,1.2356,
2017-03-20,9.625,12.68075,1.23945,
2017-03-17,9.5814,12.765,1.2353,
2017-03-16,9.49,12.835,1.22715,
2017-03-15,9.625,13.1378,1.21685,
2017-03-14,9.625,13.1444,1.22045,
2017-03-13,9.625,13.1096,1.21875,
2017-03-10,9.725,13.28565,1.21585,
2017-03-09,9.7,13.1572,1.21565,
2017-03-08,9.7,12.96345,1.22045,
2017-03-07,9.75,12.9775,1.2241,
2017-03-06,9.675,13.03375,1.2289,
2017-03-03,9.71,13.15875,1.2261,
2017-03-02,9.66,13.00975,1.22785,
2017-03-01,9.5,13.1468,1.23735,
2017-02-28,9.475,12.9957,1.2439,
2017-02-27,9.56,12.9635,1.24295,
2017-02-24,9.57,12.91495,1.2547,
2017-02-23,9.725,12.985,1.2446,
2017-02-22,9.725,13.107,1.2499,
2017-02-21,9.775,13.0736,1.24435,
2017-02-20,9.7617,13.05365,1.2419,
2017-02-17,9.73,12.99665,1.25025,
2017-02-16,9.725,12.9308,1.2469,
2017-02-15,9.845,13.0855,1.24655,
2017-02-14,9.87555,13.2846,1.2536,
2017-02-13,9.88555,13.38365,1.2497,
2017-02-09,9.8,13.428,1.25085,
2017-02-08,9.8911,13.4548,1.2502,
2017-02-07,9.9,13.33425,1.2465,
2017-02-06,9.9,13.27525,1.2485,
2017-02-03,9.85,13.3942,1.25175,
2017-02-02,9.875,13.4,1.2675,
2017-02-01,9.925,13.49865,1.2568,
2017-01-31,9.925,13.51455,1.25155,
2017-01-30,9.875,13.45035,1.2574,
2017-01-27,9.775,13.415,1.2564,
2017-01-26,9.8,13.2532,1.2654,
2017-01-25,9.84,13.385,1.2515,
2017-01-24,9.88055,13.435,1.2512,
2017-01-23,9.87,13.49235,1.2421,
2017-01-20,9.92,13.525,1.2352,
2017-01-19,9.89,13.6012,1.22785,
2017-01-18,9.9,13.541,1.23295,
2017-01-17,9.925,13.5685,1.20875,
2017-01-16,9.91,13.54415,1.203,
2017-01-13,10.025,13.54085,1.2167,
2017-01-09,10.01,13.785,1.219,
2017-01-06,9.985,13.624,1.23785,
2017-01-05,9.92,13.5552,1.2346,
2017-01-04,9.925,13.74775,1.2245,
2017-01-03,9.925,13.70995,1.23,
